ProteoformIndex	Scan	RetentionTime	NumMass	ProteinAccession	ProteinDescription	PrecursorMass	ProteoformMass	ProteoformMassFromComplementaryFragmentIonPairs	DatabaseSequence	ProteinSequence	Proforma	MatchingFragments	Coverage(%)	StartPosition	EndPosition	TagCount	TagIndices	ModCount	ModMass	ModID	ModAccession	ModStart	ModEnd	PrecursorQscore	PrecursorSNR	Score	ProteoformLevelQvalue
0	1	0.498523812	242	sp|P37340|MDTK_ECOLI	Multidrug resistance protein MdtK OS=Escherichia coli (strain K12) OX=83333 GN=mdtK PE=1 SV=2	-1.0	-1.0	0	MQKYISEARLLLALAIPVILAQIAQTAMGFVDTVMAGGYSATDMAAVAIGTSIWLPAILFGHGLLLALTPVIAQLNGSGRRERIAHQVRQGFWLAGFVSVLIMLVLWNAGYIIRSMENIDPALADKAVGYLRALLWGAPGYLFFQVARNQCEGLAKTKPGMVMGFIGLLVNIPVNYIFIYGHFGMPELGGVGCGVATAAVYWVMFLAMVSYIKRARSMRDIRNEKGTAKPDPAVMKRLIQLGLPIALALFFEVTLFAVVALLVSPLGIVDVAGHQIALNFSSLMFVLPMSLAAAVTIRVGYRLGQGSTLDAQTAARTGLMVGVCMATLTAIFTVSLREQIALLYNDNPEVVTLAAHLMLLAAVYQISDSIQVIGSGILRGYKDTRSIFYITFTAYWVLGLPSGYILALTDLVVEPMGPAGFWIGFIIGLTSAAIMMMLRMRFLQRLPSAIILQRASR	SMENIDPALADKAVGYLRALLWGAPGYLFFQVARNQCEGLAKTKPGMVMGFIGLLVNIPVNYIFIYGHFGMPELGGVGCGVATAAVYWVMFLAMVSYIKRARSMRDIRNEKGTAKPDPAVMKRLIQLGLPIALALFFEVTLFAVVALLVSPLGIVDVAGHQIALNFSSLMFVLPMSLAAAVTIRVGYRLGQGSTLDAQTAARTGLMVGVCMATLTAIFTVSLREQIALLYNDNPEVVTLAAHLMLLAAVYQISDSIQVIGSGILRGYKDTRSIFYITFTAYWVLGLPSGYILALTDLVVEPMGPAGFWIGFIIGLTSAAIMMMLRMRFLQRLPSAIILQRASR	(SMENIDPALADKAVGYLRALLWGAPGYLFFQVARNQCEGLAKTKPGMVMGFIGLLVNIPVNYIFIYGHFGMPELGGVGCGVATAAVYWVMFLAMVSYIKRARSMRDIR)[[Thiazolidine,Cys->Asp,Ser->Val,Thr->Xle,]]NEKGTAKPDPAVMKRLIQLGLPIALALFFEVTLFAVVALLVSPLGIVDVAGHQIALNFSSLMFVLPMSLAAAVTIRVGYRLGQGSTLDAQTAARTGLMVGVCMATLTAIFTVSLREQIALLYNDNPEVVTLAAHLMLLAAVYQISDSIQVIGSGILRGYKDTRSIFYITFTAYWVLGLPSGYILALTDLVVEPMGPAGFWIGFIIGLTSAAIMMMLRMRFLQRLPSAIILQRASR	5	1.45773	115	-1	1	56	1	11.916686	Thiazolidine,Cys->Asp,Ser->Val,Thr->Xle,	1009,1056,1202,664,	115	222	0.0	0.0	22	-1.000000
1	1	0.498523812	242	SigmaMabH	Heavy Chain	-1.0	7633.864963307634753	1	EVQLVESGGGLVQPGGSLRLSCVASGFTLNNYDMHWVRQGIGKGLEWVSKIGTAGDRYYAGSVKGRFTISRENAKDSLYLQMNSLRVGDAAVYYCARGAGRWAPLGAFDIWGQGTMVTVSSASTKGPSVFPLAPSSKSTSGGTAALGCLVKDYFPEPVTVSWNSGALTSGVHTFPAVLQSSGLYSLSSVVTVPSSSLGTQTYICNVNHKPSNTKVDKKVEPKSCDKTHTCPPCPAPELLGGPSVFLFPPKPKDTLMISRTPEVTCVVVDVSHEDPEVKFNWYVDGVEVHNAKTKPREEQYNSTYRVVSVLTVLHQDWLNGKEYKCKVSNKALPAPIEKTISKAKGQPREPQVYTLPPSRDELTKNQVSLTCLVKGFYPSDIAVEWESNGQPENNYKTTPPVLDSDGSFFLYSKLTVDKSRWQQGNVFSCSVMHEALHNHYTQKSLSLSPG	EVQLVESGGGLVQPGGSLRLSCVASGFTLNNYDMHWVRQGIGKGLEWVSKIGTAGDRYYAGSVKGRFTISR	EVQLVESGGGLV(QPGGSLRLSCVASGFTLNNYDMHWVRQGIGKGLEWVSKIGTAGDRYYA)[[+15.0372]]GSVKGR(FTISR)[[+15.0372][Formylasparagine,Label:13C(4)15N(1),Label:13C(5),]]	7	9.85915	1	71	1	59	2	15.037206;4.943597	;Formylasparagine,Label:13C(4)15N(1),Label:13C(5),	;1917,1298,772,	13;67	60;71	0.0	0.0	6	-1.000000
2	1	0.498523812	242	sp|P33227|STFE_ECOLI	Putative uncharacterized protein StfE OS=Escherichia coli (strain K12) OX=83333 GN=stfE PE=5 SV=3	-1.0	-1.0	0	MPFACYFFIFINVGLGEGSALPVGVPVPWPSATPPTGWLKCNGAAFSAEEYPELAKAYPTNKLPDLRGEFIRGWDDGRGIDTGRSILSIQGYATEDHAHGLPSRSTIVTDATINFYFDEIWVNSGTDIIKRGNTNDAGLPAPDYGTFKTYKQSVDGLGAAASETRPRNIAFNYIVRAA	MPFACYFFIFINVGLGEGSALPVGVPVPWPSATPPTGWLKCNGAAFSAEEYPELAKAYPTNKLPDLRGEFIRGWDDGRGIDTGRSILSIQGYATEDHAHGLPSRSTIVTDATINFYFDEIWVNSGTDIIKRGNTNDAGLPAPDYGTFKTYKQSVDGLGAAASETRP	MPFACYFFIFINVGLGEGSALPVGVPVPWPSATPPTGWLKCNGAAFSAEEYPELAKAYPTNKLPDLRGE(FIRGWDDGRGIDTGRSILSIQGYATEDHAHGLPS)[[+38.1472]]RSTIVTDATINFYFDEIWVNSGTDIIKRGNTNDAGLPAPDYGTFKTYKQSVDGLGAAASETRP	6	3.61446	-1	166	1	47	1	38.147159			70	103	0.0	0.0	8	-1.000000
3	1	0.498523812	242	sp|P0A9U1|YBHF_ECOLI	Probable multidrug ABC transporter ATP-binding protein YbhF OS=Escherichia coli (strain K12) OX=83333 GN=ybhF PE=1 SV=1	-1.0	-1.0	0	MNDAVITLNGLEKRFPGMDKPAVAPLDCTIHAGYVTGLVGPDGAGKTTLMRMLAGLLKPDSGSATVIGFDPIKNDGALHAVLGYMPQKFGLYEDLTVMENLNLYADLRSVTGEARKQTFARLLEFTSLGPFTGRLAGKLSGGMKQKLGLACTLVGEPKVLLLDEPGVGVDPISRRELWQMVHELAGEGMLILWSTSYLDEAEQCRDVLLMNEGELLYQGEPKALTQTMAGRSFLMTSPHEGNRKLLQRALKLPQVSDGMIQGKSVRLILKKEATPDDIRHADGMPEININETTPRFEDAFIDLLGGAGTSESPLGAILHTVEGTPGETVIEAKELTKKFGDFAATDHVNFAVKRGEIFGLLGPNGAGKSTTFKMMCGLLVPTSGQALVLGMDLKESSGKARQHLGYMAQKFSLYGNLTVEQNLRFFSGVYGLRGRAQNEKISRMSEAFGLKSIASHATDELPLGFKQRLALACSLMHEPDILFLDEPTSGVDPLTRREFWLHINSMVEKGVTVMVTTHFMDEAEYCDRIGLVYRGKLIASGTPDDLKAQSANDEQPDPTMEQAFIQLIHDWDKEHSNE	MNDAVITLNGLEKRFPGMDKPAVAPLDCTIHAGYVTGLVGPDGAGKTTLMRMLAGLLKPDSGSATVIGFDPIKNDGALHAVLGYMPQKFGLYEDLTVMENLNLYADLRSVTGEARKQTFARLLEFTSLGPFTGRLAGKLSGGMKQKLGLACTLVGEPKVLLLDEPGVGVDPISRRELWQMVHELAGEGMLILWSTSYLDEAEQCRDVLLMNEGELLYQGEPKAL	MNDAVITLNGLEKRFPGMDKPAVAPLDCTIHAGYVTGLVGPDGAGKTTLMRMLAGLLKPDSGSATVIGFDPIKNDGALHAVLGYMPQKFGLYEDLTVMENLNLYADLRSVT(GEARKQTFARLLEFTSLGPFTGRLAGKLSGGMKQKLGLACTLVGEPKVLLLDEPGVGVDPISRRELWQMVHELAGEGMLILWSTSYLDEAEQCRDVLLMNEGELLYQGEPKAL)[[Haloxon,]]	4	1.78571	-1	224	1	38	1	203.868256	Haloxon,	2006,	112	224	0.0	0.0	9	-1.000000
4	1	0.498523812	242	sp|P22564|RIHC_ECOLI	Non-specific ribonucleoside hydrolase RihC OS=Escherichia coli (strain K12) OX=83333 GN=rihC PE=1 SV=1	-1.0	-1.0	0	MRLPIFLDTDPGIDDAVAIAAAIFAPELDLQLMTTVAGNVSVEKTTRNALQLLHFWNAEIPLAQGAAVPLVRAPRDAASVHGESGMAGYDFVEHNRKPLGIPAFLAIRDALMRAPEPVTLVAIGPLTNIALLLSQCPECKPYIRRLVIMGGSAGRGNCTPNAEFNIAADPEAAACVFRSGIEIVMCGLDVTNQAILTPDYLSTLPQLNRTGKMLHALFSHYRSGSMQSGLRMHDLCAIAWLVRPDLFTLKPCFVAVETQGEFTSGTTVVDIDGCLGKPANVQVALDLDVKGFQQWVAEVLALAS	AGRGNCTPNAEFNIAADPEAAACVFRSGIEIVMCGLDVTNQAILTPDYLSTLPQLNRTGKMLHALFSHYRSGSMQSGLRMHDLCAIAWLVRPDLFTLKPCFVAVETQGEFTSGTTVVDIDGCLGKPANVQVALDLDVKGFQQWVAEVLALAS	(AGRGN)[[AEC-MAEC,]]CTPNAEFNIAADPEAAACVFRSGIEIVMCGLDVTNQAILTPDYLSTLPQLNRTGKMLHALFSHYRSGSMQSGLRMHDLCAIAWLVRPDLFTLKPCFVAVETQGEFTS[AEC-MAEC,][Gln->Lys,]GTTVVDIDGCLGKPANVQVALDLDVKGFQQWVAEVLALAS	7	4.60526	153	-1	1	41	2	59.015462;0.132162	AEC-MAEC,;Gln->Lys,	472,;631,	153;264	157;264	0.0	0.0	11	-1.000000
5	1	0.498523812	242	sp|P17334|PTQC_ECOLI	PTS system N,N'-diacetylchitobiose-specific EIIC component OS=Escherichia coli (strain K12) OX=83333 GN=chbC PE=1 SV=2	-1.0	-1.0	0	MSNVIASLEKVLLPFAVKIGKQPHVNAIKNGFIRLMPLTLAGAMFVLINNVFLSFGEGSFFYSLGIRLDASTIETLNGLKGIGGNVYNGTLGIMSLMAPFFIGMALAEERKVDALAAGLLSVAAFMTVTPYSVGEAYAVGANWLGGANIISGIIIGLVVAEMFTFIVRRNWVIKLPDSVPASVSRSFSALIPGFIILSVMGIIAWALNTWGTNFHQIIMDTISTPLASLGSVVGWAYVIFVPLLWFFGIHGALALTALDNGIMTPWALENIATYQQYGSVEAALAAGKTFHIWAKPMLDSFIFLGGSGATLGLILAIFIASRRADYRQVAKLALPSGIFQINEPILFGLPIIMNPVMFIPFVLVQPILAAITLAAYYMGIIPPVTNIAPWTMPTGLGAFFNTNGSVAALLVALFNLGIATLIYLPFVVVANKAQNAIDKEESEEDIANALKF	MSNVIASLEKVLLPFAVKIGKQPHVNAIKNGFIRLMPLTLAGAMFVLINNVFLSFGEGSFFYSLGIRLDASTIETLNGLKGIGGNVYNGTLGIMSLMAPFFIGMALAEERKVDALAAGLLSVAAFMTVTPYSVGEAYAVGANWLGGANIISGIIIGLVVAEMFTFIVRRNWVIKLPDSVPASVSRSFSALIPGFIILSVMGIIAWALNTWGTNFHQIIMDTISTPLASLGSVVGWAYVIF	MSNVIASLEKVLLPFAVKIGKQPHVNAIKNGFIRLMPLTLAGAMFVLINNVFLSFGEGSFFYSLGIRLDASTIETLNGLKGIGGNVYNGTLGIMSLMAPFFIGMALAEERKVDALAAGLLSVAAFMTVTPYSVGEAYAVGANWLGGANIISGIIIGLVVAEMFTFIVRRNWVIKLPDSVPASVSRSFSALIPGFIILSVMGIIAWALNTWGTNFHQIIMDTISTPLASLGSV(VGWAYVIF)[[Asn->Glu,Methyl+Deamidated,Amino,Hydroxamic_acid,Xle->Lys,]]	4	1.66667	-1	240	1	59	1	15.003023	Asn->Glu,Methyl+Deamidated,Amino,Hydroxamic_acid,Xle->Lys,	1157,528,342,1385,590,	233	240	0.0	0.0	13	-1.000000
6	1	0.498523812	242	sp|P0AEE1|DCRB_ECOLI	Protein DcrB OS=Escherichia coli (strain K12) OX=83333 GN=dcrB PE=3 SV=1	-1.0	-1.0	0	MRNLVKYVGIGLLVMGLAACDDKDTNATAQGSVAESNATGNPVNLLDGKLSFSLPADMTDQSGKLGTQANNMHVWSDATGQKAVIVIMGDDPKEDLAVLAKRLEDQQRSRDPQLQVVTNKAIELKGHKMQQLDSIISAKGQTAYSSVILGNVGNQLLTMQITLPADDQQKAQTTAENIINTLVIQ	MRNLVKYVGIGLLVMGLAACDDKDTNATAQGSVAESNATGNPV	MRNLVKYVGIGLLVMGLAACDDKDTNATAQGSV(AESNATGNPV)[[Label:2H(10),Cys->Xle,]]	4	9.30233	-1	43	1	59	1	10.068521	Label:2H(10),Cys->Xle,	1299,1059,	34	43	0.0	0.0	13	-1.000000
7	1	0.498523812	242	sp|P38683|TORT_ECOLI	Periplasmic protein TorT OS=Escherichia coli (strain K12) OX=83333 GN=torT PE=1 SV=3	-1.0	-1.0	0	MRVLLFLLLSLFMLPAFSADNLLRWHDAQHFTVQASTPLKAKRAWKLCALYPSLKDSYWLSLNYGMQEAARRYGVDLKVLEAGGYSQLATQQAQIDQCKQWGAEAILLGSSTTSFPDLQKQVASLPVIELVNAIDAPQVKSRVGVPWFQMGYQPGRYLVQWAHGKPLNVLLMPGPDNAGGSKEMVEGFRAAIAGSPVRIVDIALGDNDIEIQRNLLQEMLERHPEIDVVAGTAIAAEAAMGEGRNLKTPLTVVSFYLSHQVYRGLKRGRVIMAASDQMVWQGELAVEQAIRQLQGQSVSDNVSPPILVLTPKNADREHIRRSLSPGGFRPVYFYQHTSAAKK	GVPWFQMGYQPGRYLVQWAHGKPLNVLLMPGPDNAGGSKEMVEGFRAAIAGSPVRIVDIALGDNDIEIQRNLLQEMLERHPEIDVVAGTAIAAEAAMGEGRNLKTPLTVVSFYLSHQVYRGLKRGRVIMAASDQMVWQGELAVEQAIRQLQGQSVSDNVSPPILVLTPKNADREHIRRSLSPGGFRPVYFYQHTSAAKK	(GVPWFQMGYQPGRYLVQWAHGKPLNVLLMPGPDNAGGSKEMVEGFRAAIAGSPVRIVDIALGDNDIEI)[[Delta:H(-4)O(2),]]QRNLLQEMLERHPEIDVVAGTAIAAEAAMGEGRNLKTPLTVVSFYLSHQVYRGLKRGRVIMAASDQMVWQGELAVEQAIRQLQGQSVSDNVSPPILVLTPKNADREHIRRSLSPGGFRPVYFYQHTSAAKK	5	2.51256	144	-1	1	68	1	27.898095	Delta:H(-4)O(2),	1923,	144	211	0.0	0.0	14	-1.000000
8	1	0.498523812	242	sp|P0A9D2|GSTA_ECOLI	Glutathione S-transferase GstA OS=Escherichia coli (strain K12) OX=83333 GN=gstA PE=1 SV=1	-1.0	-1.0	0	MKLFYKPGACSLASHITLRESGKDFTLVSVDLMKKRLENGDDYFAVNPKGQVPALLLDDGTLLTEGVAIMQYLADSVPDRQLLAPVNSISRYKTIEWLNYIATELHKGFTPLFRPDTPEEYKPTVRAQLEKKLQYVNEALKDEHWICGQRFTIADAYLFTVLRWAYAVKLNLEGLEHIAAFMQRMAERPEVQDALSAEGLK	HITLRESGKDFTLVSVDLMKKRLENGDDYFAVNPKGQVPALLLDDGTLLTEGVAIMQYLADSVPDRQLLAPVNSISRYKTIEWLNYIATELHKGFTPLFRPDTPEEYKPTVRAQLEKKLQ	(HITLR)[[-35.0259]]ESGKDFTLVSVDLMKKRLENGDDYFAVNPKGQVPALLLDDGTLLTEGVAIMQYLADSVPDRQLLAPVNSISRYKTIEWLNYIATELHKGFTPLFRPDTPEEYKPTVRAQLE(KKLQ)[[-35.0259][-1.10359]]	9	7.5	15	134	2	48;65	2	-1.103591;-35.025905	;	;	131;15	134;19	0.0	0.0	15	-1.000000
9	1	0.498523812	242	sp|P32153|FRVX_ECOLI	Putative aminopeptidase FrvX OS=Escherichia coli (strain K12) OX=83333 GN=frvX PE=3 SV=1	-1.0	-1.0	0	MNIELLQQLCEASAVSGDEQEVRDILINTLEPCVNEITFDGLGSFVARKGNKGPKVAVVGHMDEVGFMVTHIDESGFLRFTTIGGWWNQSMLNHRVTIRTHKGVKIPGVIGSVAPHALTEKQKQQPLSFDEMFIDIGANSREEVEKRGVEIGNFISPEANFACWGEDKVVGKALDNRIGCAMMAELLQTVNNPEITLYGVGSVEEEVGLRGAQTSAEHIKPDVVIVLDTAVAGDVPGIDNIKYPLKLGQGPGLMLFDKRYFPNQKLVAALKSCAAHNDLPLQFSTMKTGATDGGRYNVMGGGRPVVALCLPTRYLHANSGMISKADYEALLTLIRGFLTTLTAEKVNAFSQFRQVD	LQQLCEASAVSGDEQEVRDILINTLEPCVNEITFDGLGSFVARKGNKGPKVAVVGHMDEVGFMVTHIDESGFLRFTTIGGWWNQSMLNHRVTIRTHKGVKIPGVIGSVAPHALTEKQKQQPLSFDEMFIDIGANSREEVEKRGVEIGNFISPEANFACWGEDKVVGKALDNRIGCAMMAELLQTVNNPEITLYGVGSVEEEVGLRGAQTSAEHIKPDVVIVLDTAVAGDVPGIDNIKYPLKLGQGPGLMLFDKRYFPNQKLVAALKSCAAHNDLPLQFSTMKTGATDGGRYNVMGGGRPVVALCLPTRYLHANSGMISKADYEALLTLIRGFLTTLTAEKVNAFSQFRQVD	(LQQLCEASA)[[Met->Arg,]]VSGDEQEVRDILINTLEPCVNEITFDGLGSFVARKGNKGPKVAVVGHMDEVGFMVTHIDESGFLRFTTIGGWWNQSMLNHRVTIRTHKGVKIPGVIGSVAPHALTEKQKQQPLSFDEMFIDIGANSREEVEKRGVEIGNFISPEANFACWGEDKVVGKALDNRIGCAMMAELLQTVNNPEITLYGVGSVEEEVGLRGAQTSAEHIKPDVVIVLDTAVAGDVPGIDNIKYPLKLGQGPGLMLFDKRYFPNQKLVAALKSCAAHNDLPLQFSTMKTGATDGGRYNVMGGGRPVVALCLPTRYLHANSGMISKADYEALLTLIRGFLTTLTAEKVNAFSQFRQVD	5	1.4245	6	-1	1	30	1	25.060794	Met->Arg,	611,	6	14	0.0	0.0	20	-1.000000
10	1	0.498523812	242	sp|P07762|GLGB_ECOLI	1,4-alpha-glucan branching enzyme GlgB OS=Escherichia coli (strain K12) OX=83333 GN=glgB PE=1 SV=1	-1.0	-1.0	0	MSDRIDRDVINALIAGHFADPFSVLGMHKTTAGLEVRALLPDATDVWVIEPKTGRKLAKLECLDSRGFFSGVIPRRKNFFRYQLAVVWHGQQNLIDDPYRFGPLIQEMDAWLLSEGTHLRPYETLGAHADTMDGVTGTRFSVWAPNARRVSVVGQFNYWDGRRHPMRLRKESGIWELFIPGAHNGQLYKYEMIDANGNLRLKSDPYAFEAQMRPETASLICGLPEKVVQTEERKKANQFDAPISIYEVHLGSWRRHTDNNFWLSYRELADQLVPYAKWMGFTHLELLPINEHPFDGSWGYQPTGLYAPTRRFGTRDDFRYFIDAAHAAGLNVILDWVPGHFPTDDFALAEFDGTNLYEHSDPREGYHQDWNTLIYNYGRREVSNFLVGNALYWIERFGIDALRVDAVASMIYRDYSRKEGEWIPNEFGGRENLEAIEFLRNTNRILGEQVSGAVTMAEESTDFPGVSRPQDMGGLGFWYKWNLGWMHDTLDYMKLDPVYRQYHHDKLTFGILYNYTENFVLPLSHDEVVHGKKSILDRMPGDAWQKFANLRAYYGWMWAFPGKKLLFMGNEFAQGREWNHDASLDWHLLEGGDNWHHGVQRLVRDLNLTYRHHKAMHELDFDPYGFEWLVVDDKERSVLIFVRRDKEGNEIIVASNFTPVPRHDYRFGINQPGKWREILNTDSMHYHGSNAGNGGTVHSDEIASHGRQHSLSLTLPPLATIWLVREAE	NTNRILGEQVSGAVTMAEESTDFPGVSRPQDMGGLGFWYKWNLGWMHDTLDYMKLDPVYRQYHHDKLTFGILYNYTENFVLPLSHDEVVHGKKSILDRMPGDAWQKFANLRAYYGWMWAFPGKKLLFMGNEFAQGREWNHDASLDWHLLEGGDNWHHGVQRLVRDLNLTYRHHKAMHELDFDPYGFEWLVVDDKERSVLIFVRRDKEGNEIIVASNFTPVPRHDYRFGINQPGKWREILNTDSMHYHGSNAGNGGTVHSDEIASHGRQHSLSLTLPPLATIWLVREAE	(NTNRILGEQ)[[Asn->Gly,Gln->Ala,]]VSGAVTMAEESTDFPGVSRPQDMGGLGFWYKWNLGWMHDTLDYMKLDPVYRQYHHDKLTFGILYNYTENFVLPLSHDEVVHGKKSILDRMPGDAWQKFANLRAYYGWMWAFPGKKLLFMGNEFAQGREWNHDASLDWHLLEGGDNWHHGVQRLVRDLNLTYRHHKAMHELDFDPYGFEWLVVDDKERSVLIFVRRDKEGNEIIVASNFTPVPRHDYRFGINQPGKWREILNTDSMHYHGSNAGNGGTVHSDEIASHGRQHSLSLTLPPLATIWLVREAE	5	1.73611	441	-1	1	30	1	-57.021296	Asn->Gly,Gln->Ala,	1159,1177,	441	449	0.0	0.0	21	-1.000000
11	1	0.498523812	242	SigmaMabL	Light Chain	-1.0	1.476725229444053e04	1	QSALTQPRSVSGSPGQSVTISCTGTSSDIGGYNFVSWYQQHPGKAPKLMIYDATKRPSGVPDRFSGSKSGNTASLTISGLQAEDEADYYCCSYAGDYTPGVVFGGGTKLTVLGQPKAAPSVTLFPPSSEELQANKATLVCLISDFYPGAVTVAWKADSSPVKAGVETTTPSKQSNNKYAASSYLSLTPEQWKSHRSYSCQVTHEGSTVEKTVAPTECS	QSALTQPRSVSGSPGQSVTISCTGTSSDIGGYNFVSWYQQHPGKAPKLMIYDATKRPSGVPDRFSGSKSGNTASLTISGLQAEDEADYYCCSYAGDYTPGVVFGGGTKLTVLGQPKAAPSVTLFPPSSEELQANKATLVCLISDFY	QSALTQPRSVSGSPGQSVTISCTGTSSDIGGYNFVSWYQQHPGKAPKLMIYDATKRPSGVPDRFSGSKSGNTASLTISGLQAEDEADYYCCSYAGDYTP(GVVFGGGTKLTV)[[Arg->His,Phe->Gln,Phe->Lys,]]LGQPKAAPSVTLF(PPSSEELQANKATLVC)[[Arg->His,Phe->Gln,Phe->Lys,][-493.135]]LISDFY	24	16.4384	1	146	3	10;30;33	2	-19.030026;-493.134642	Arg->His,Phe->Gln,Phe->Lys,;	641,1099,1095,;	100;125	111;140	0.0	0.0	100	-1.000000
12	1	0.498523812	242	sp|P77316|YBDR_ECOLI	Uncharacterized zinc-type alcohol dehydrogenase-like protein YbdR OS=Escherichia coli (strain K12) OX=83333 GN=ybdR PE=3 SV=1	-1.0	-1.0	0	MKALTYHGPHHVQVENVPDPGVEQADDIILRITATAICGSDLHLYRGKIPQVKHGDIFGHEFMGEVVETGKDVKNLQKGDRVVIPFVIACGDCFFCRLQQYAACENTNAGKGAALNKKQIPAPAALFGYSHLYGGVPGGQAEYVRVPKGNVGPFKVPPLLSDDKALFLSDILPTAWQAAKNAQIQQGSSVAVYGAGPVGLLTIACARLLGAEQIFVVDHHPYRLHFAADRYGAIPINFDEDSDPAQSIIEQTAGHRGVDAVIDAVGFEAKGSTTETVLTNLKLEGSSGKALRQCIAAVRRGGIVSVPGVYAGFIHGFLFGDAFDKGLSFKMGQTHVHAWLGELLPLIEKGLLKPEEIVTHYMPFEEAARGYEIFEKREEECRKVILVPGAQSAEAAQKAVSGLVNAMPGGTI	MKALTYHGPHHVQVENVPDPGVEQADDIILRITATAICGSDLHLYRGKIPQVKHGDIFGHEFMGEVVETGKDVKNLQKGDRVVIPFVIACGDCFFCRLQQYAACENTNAGKGAALNKKQIPAPAALFGYSHLYGGVPGGQAEYV	MKALTYHGPHHVQVENVPDPGVEQADDIILRITATAICGSDLHLYRGKIPQVKHGDIFGHEFMGEVVETGKDVKNLQKGDRVVIPFVIACGDCFFCRLQQYAACENTNAGKGAALNKKQIPAPAALFGYSHLYGGV(PGGQAEYV)[[Unknown:248,]]	7	4.86111	-1	144	1	46	1	248.196261	Unknown:248,	1975,	137	144	0.0	0.0	24	-1.000000
13	1	0.498523812	242	sp|P25519|HFLX_ECOLI	GTPase HflX OS=Escherichia coli (strain K12) OX=83333 GN=hflX PE=1 SV=3	-1.0	-1.0	0	MFDRYDAGEQAVLVHIYFTQDKDMEDLQEFESLVSSAGVEALQVITGSRKAPHPKYFVGEGKAVEIAEAVKATGASVVLFDHALSPAQERNLERLCECRVIDRTGLILDIFAQRARTHEGKLQVELAQLRHLATRLVRGWTHLERQKGGIGLRGPGETQLETDRRLLRNRIVQIQSRLERVEKQREQGRQSRIKADVPTVSLVGYTNAGKSTLFNRITEARVYAADQLFATLDPTLRRIDVADVGETVLADTVGFIRHLPHDLVAAFKATLQETRQATLLLHVIDAADVRVQENIEAVNTVLEEIDAHEIPTLLVMNKIDMLEDFEPRIDRDEENKPNRVWLSAQTGAGIPQLFQALTERLSGEVAQHTLRLPPQEGRLRSRFYQLQAIEKEWMEEDGSVSLQVRMPIVDWRRLCKQEPALIDYLI	DMLEDFEPRIDRDEENKPNRVWLSAQTGAGIPQLFQALTERLSGEVAQHTLRLPPQEGRLRSRFYQLQAIEKEWMEEDGSVSLQVRMPI	(DMLEDFEPRIDRDEENKPNRVWLSAQTGAGIPQLFQALTERLSGEVAQHTLRLPPQEGRLRS)[[Arg->Gln,Met->Cys,Val->Ala,Arg->Lys,Asp->Ser,Glu->Thr,Pro->Pyrrolidone,]]RFYQLQAIEKEWMEEDGSVS(LQVRMPI)[[Arg->Gln,Met->Cys,Val->Ala,Arg->Lys,Asp->Ser,Glu->Thr,Pro->Pyrrolidone,][+25.9723]]	11	12.3596	320	408	1	18	2	25.972335;-28.057056	;Arg->Gln,Met->Cys,Val->Ala,Arg->Lys,Asp->Ser,Glu->Thr,Pro->Pyrrolidone,	;642,1143,667,640,1075,1087,369,	402;320	408;381	0.0	0.0	24	-1.000000
14	1	0.498523812	242	sp|P0ADC6|LPTG_ECOLI	Lipopolysaccharide export system permease protein LptG OS=Escherichia coli (strain K12) OX=83333 GN=lptG PE=1 SV=1	-1.0	-1.0	0	MQPFGVLDRYIGKTIFTTIMMTLFMLVSLSGIIKFVDQLKKAGQGSYDALGAGMYTLLSVPKDVQIFFPMAALLGALLGLGMLAQRSELVVMQASGFTRMQVALSVMKTAIPLVLLTMAIGEWVAPQGEQMARNYRAQAMYGGSLLSTQQGLWAKDGNNFVYIERVKGDEELGGISIYAFNENRRLQSVRYAATAKFDPEHKVWRLSQVDESDLTNPKQITGSQTVSGTWKTNLTPDKLGVVALDPDALSISGLHNYVKYLKSSGQDAGRYQLNMWSKIFQPLSVAVMMLMALSFIFGPLRSVPMGVRVVTGISFGFVFYVLDQIFGPLTLVYGIPPIIGALLPSASFFLISLWLLMRKS	LVLLTMAIGEWVAPQGEQMARNYRAQAMYGGSLLSTQQGLWAKDGNNFVYIERVKGDEELGGISIYAFNENRRLQSVRYAATAKFDPEHKVWRLSQVDESDLTNPKQITGSQTVSGTWKTNLTPDKLGVVALDPDALSISGLHNYVKYLKSSGQDAGRYQLNMWSKIFQPLSVAVMMLMALSFIFGPLRSVPMGVRVVTGISFGFVFYVLDQIFGPLTLVYGIPPIIGALLPSASFFLISLWLLMRKS	LVLLTMAIGEWVAPQGEQMARNYRAQAMYGGSLLSTQQGLWAKDGNNFVYIERVKGDEELGGISIYAFNENRRLQSVRYAATAKFDPEHKVWRLSQVDESDLTNPKQITG(SQ)[[Lys->AminoadipicAcid,Val->Asn,Xle->Gln,Asn->Glu,Methyl+Deamidated,Amino,Hydroxamic_acid,Xle->Lys,]]TVSGTWKTNLTPDKLGVVALDPDALSISGLHNYVKYLKSSGQDAGRYQLNMWSKIFQPLSVAVMMLMALSFIFGPLRSVPMGVRVVTGISFGFVFYVLDQIFGPLTLVYGIPPIIGALLPSASFFLISLWLLMRKS	7	2.82258	113	-1	1	32	1	14.976790	Lys->AminoadipicAcid,Val->Asn,Xle->Gln,Asn->Glu,Methyl+Deamidated,Amino,Hydroxamic_acid,Xle->Lys,	381,1216,607,1157,528,342,1385,590,	223	224	0.0	0.0	29	-1.000000
15	1	0.498523812	242	sp|P40120|OPGD_ECOLI	Glucans biosynthesis protein D OS=Escherichia coli (strain K12) OX=83333 GN=mdoD PE=1 SV=3	-1.0	-1.0	0	MDRRRFIKGSMAMAAVCGTSGIASLFSQAAFAADSDIADGQTQRFDFSILQSMAHDLAQTAWRGAPRPLPDTLATMTPQAYNSIQYDAEKSLWHNVENRQLDAQFFHMGMGFRRRVRMFSVDPATHLAREIHFRPELFKYNDAGVDTKQLEGQSDLGFAGFRVFKAPELARRDVVSFLGASYFRAVDDTYQYGLSARGLAIDTYTDSKEEFPDFTAFWFDTVKPGATTFTVYALLDSASITGAYKFTIHCEKSQVIMDVENHLYARKDIKQLGIAPMTSMFSCGTNERRMCDTIHPQIHDSDRLSMWRGNGEWICRPLNNPQKLQFNAYTDNNPKGFGLLQLDRDFSHYQDIMGWYNKRPSLWVEPRNKWGKGTIGLMEIPTTGETLDNIVCFWQPEKAVKAGDEFAFQYRLYWSAQPPVHCPLARVMATRTGMGGFSEGWAPGEHYPEKWARRFAVDFVGGDLKAAAPKGIEPVITLSSGEAKQIEILYIEPIDGYRIQFDWYPTSDSTDPVDMRMYLRCQGDAISETWLYQYFPPAPDKRQYVDDRVMS	KQLGIAPMTSMFSCGTNERRMCDTIHPQIHDSDRLSMWRGNGEWICRPLNNPQKLQFNAYTDNNPKGFGLLQLDRDFSHYQDIMGWYNKRPSLWVEPRNKWGKGTIGLMEIPTTGETLDNIVCFWQPEKAVKAGDEFAFQYRLYWSAQPPVHCPLARVMATRTGMGGFSEGWAPGEHYPEKWARRFAVDFVGGDLKAAAPKGIEPVITLSSGEAKQIEILYIEPIDGYRIQFDWYPTSDSTDPVDMRMYLRCQGDAISETWLYQYFPPAPDKRQYVDDRVMS	KQLGIAPM(TSMFSCGTNERRMCDTIHPQIHDSDRLSMWRGNGEWICRPLNNPQKLQFNAYTDNNPKGFGLLQLDRDFSHYQDIMGWYNKRPSLWVEPR)[[+64.3399]]NKWGKGTIGLMEIPTTGETLDNIVCFWQPEKAVKAGDEFAFQYRLYWSAQPPVHCPLARVMATRTGMGGFSEGWAPGEHYPEKWARRFAVDFVGGDLKAAAPKGIEPVITLSSGEAKQIEILYIEPIDGYRIQFDWYPTSDSTDPVDMRMYLRCQGDAISETWLYQYFPPAPDKRQYVDDRVMS	8	2.83688	270	-1	5	1;5;22;28;56	1	64.339858			278	367	0.0	0.0	31	-1.000000
16	1	0.498523812	242	sp|P16918|RHSC_ECOLI	Protein RhsC OS=Escherichia coli (strain K12) OX=83333 GN=rhsC PE=1 SV=4	-1.0	1.843885722191331e04	1	MSGKPAARQGDMTQYGGSIVQGSAGVRIGAPTGVACSVCPGGVTSGHPVNPLLGAKVLPGETDIALPGPLPFILSRTYSSYRTKTPAPVGSLGPGWKMPADIRLQLRDNTLILSDNGGRSLYFEHLFPGEDGYSRSESLWLVRGGVAKLDEGHRLAALWQALPEELRLSPHRYLATNSPQGPWWLLGWCERVPEADEVLPAPLPPYRVLTGLVDRFGRTQTFHREAAGEFSGEITGVTDGAGRHFRLVLTTQAQRAEEARQQAISGGTEPSAFPDTLPGYTEYGRDNGIRLSAVWLTHDPEYPENLPAAPLVRYGWTPRGELAAVYDRSNTQVRSFTYDDKYRGRMVAHRHTGRPEICYRYDSDGRVTEQLNPAGLSYTYQYEKDRITITDSLNRREVLHTQGEGGLKRVVKKEHADGSVTQSQFDAVGRLRAQTDAAGRTTEYSPDVVTGLITRITTPDGRASAFYYNHHSQLTSATGPDGLEIRREYDEWGRLIQETAPDGDITRYRYDNPHSDLPCATEDATGSRKTMTWSRYGQLLSFTDCSGYVTRYDHDRFGQVTAVHREEGLSQYRAYDSRGQLIAVKDTQGHETRYEYNAAGDLTTVIAPDGSRNGTQYDAWGKAICTTQGGLTRSMEYDAAGRVIRLTSENGSHTTFRYDVLDRLIQETGFDGRTQRYHHDLTGKLIRSEDEGLVTHWHYDEADRLTHRTVNGETAERWQYDERGWLTDISHISEGHRVTVHYGYDSKGRLASEHLTVHHPQTNELLWQHETRHAYNAQGLANRCIPDSLPAVEWLTYGSGWLSGMKLGDTPLVEYTRDRLHRETLRSFGRYELTTAYTPAGQLQSQHLNSLLSDRDYTWNDNGELIRISSPRQTRSYSYSTTGRLTGVHTTAANLDIRIPYTTDPAGNRLPDPELHPDSALSMWPDNRIARDAHYLYRYDRHGRLTEKTDLIPEGVIRTDDERTHRYHYDSQHRLVHYTRTQYAEPLVESRYLYDPLGRRVAKRVWRRERDLTGWMSLSRKPQVTWYGWDGDRLTTIQNDRTRIQTIYQPGSFTPLIRVETATGELAKTQRRSLADTLQQSGGEDGGSVVFPPVLVQMLDRLESEILADRVSEESRRWLASCGLTVAQMQSQMDPVYTPARKIHLYHCDHRGLPLALISTEGTTAWYAEYDEWGNLLNEENPHQLQQLIRLPGQQYDEESGLYYNRHRYYDPLQGRYITQDPIGLKGGWNFYQYPLNPISNIDPLGLETLKCIKPLHSMGGTGERSGPDIWGNPFYHQYLCVPDGKGDYTCGGQDQRGESKGDGLWGPGKASNDTKEAAGRCDLVETDNSCVENCLKGKFKEVRPRYSVLPDIFTPINLGLFKNCQDWSNDSLETCKMKCSGNNIGRFIRFVFTGVM	PHSDLPCATEDATGSRKTMTWSRYGQLLSFTDCSGYVTRYDHDRFGQVTAVHREEGLSQYRAYDSRGQLIAVKDTQGHETRYEYNAAGDLTTVIAPDGSRNGTQYDAWGKAICTTQGGLTRSMEYDAAGRVIRLTSENGSHTTFRYDVLDRLIQETGFDGRTQ	PHSDLPCATEDATGSRKTMTWSRYGQLLSFTDCSGYVTRYDHDRFGQVTAVHR[Dibromo,phenyl-phosphate,Xlink:DSS[156],Arg,]EEGLSQYRAYDSRGQLIAVKDTQGHETRYEYNAAGDLTTVIA(PD)[[Dibromo,phenyl-phosphate,Xlink:DSS[156],Arg,][+73.2196]]GSRNGTQYDAWGKAICTTQGGLTRSMEYDAAGRVIRLTSENGSHTTFRYDVLDRLIQETGFDGRTQ	12	7.36196	513	675	1	45	2	155.900341;73.219630	Dibromo,phenyl-phosphate,Xlink:DSS[156],Arg,;	534,2042,1020,1288,;	565;608	565;609	0.0	0.0	32	-1.000000
17	1	0.498523812	242	sp|P08200|IDH_ECOLI	Isocitrate dehydrogenase [NADP] OS=Escherichia coli (strain K12) OX=83333 GN=icd PE=1 SV=1	-1.0	-1.0	0	MESKVVVPAQGKKITLQNGKLNVPENPIIPYIEGDGIGVDVTPAMLKVVDAAVEKAYKGERKISWMEIYTGEKSTQVYGQDVWLPAETLDLIREYRVAIKGPLTTPVGGGIRSLNVALRQELDLYICLRPVRYYQGTPSPVKHPELTDMVIFRENSEDIYAGIEWKADSADAEKVIKFLREEMGVKKIRFPEHCGIGIKPCSEEGTKRLVRAAIEYAIANDRDSVTLVHKGNIMKFTEGAFKDWGYQLAREEFGGELIDGGPWLKVKNPNTGKEIVIKDVIADAFLQQILLRPAEYDVIACMNLNGDYISDALAAQVGGIGIAPGANIGDECALFEATHGTAPKYAGQDKVNPGSIILSAEMMLRHMGWTEAADLIVKGMEGAINAKTVTYDFERLMDGAKLLKCSEFGDAIIENM	PIIPYIEGDGIGVDVTPAMLKVVDAAVEKAYKGERKISWMEIYTGEKSTQVYGQDVWLPAETLDLIREYRVAIKGPLTTPVGGGIRSLNVALRQELDLYICLRPVRYYQGTPSPVKHPELTDMVIFRENSEDIYAGIEWKADSADAEKVIKFLREEMGVKKIRFPEHCGIGIKPCSEEGTKRLVRAAIEYAIANDRDSVTLVHKGNIMKFTEGAFKDWGYQLAREEFGGELIDGGPWLKVKNPNTGKEIVIKDVIADAFLQQILLRPAEYDVIACMNLNGDYISDALAAQVGGIGIAPGANIGDECALFEATHGTAPK	PIIPYIEGDGIGVDVTPAMLKVVDAAVEKAYKGERKISWMEIYTGEKSTQVYGQDVWLPAETLD(LIREYRVAIKGPLTTPVGGGIRSLNVALRQEL)[[+7.67621]]DLYICLRPVRYYQGTPSPVKHPELTDMVIFRENSEDIYAGIEWKADSADAEKVIKFLREEMGVKKIRFPEHCGIGIKPCSEEGTKRLVRAAIEYAIANDRDSVTLVHKGNIMKFTEGAFKDWGYQLAREEFGGELIDGGPWLKVKNPNTGKEIVIKDVIADAFLQQILLRPAEYDVIACMNLNGDYISDALAAQVGGIGIAPGANIGDECALFE(ATHGTAPK)[[+7.67621][Gln->Cys,]]	12	3.77358	27	344	2	38;51	2	-25.042594;7.676213	Gln->Cys,;	1178,;	337;91	344;122	0.0	0.0	37	-1.000000
18	1	0.498523812	242	sp|P0AFG3|ODO1_ECOLI	2-oxoglutarate dehydrogenase E1 component OS=Escherichia coli (strain K12) OX=83333 GN=sucA PE=1 SV=1	-1.0	-1.0	0	MQNSALKAWLDSSYLSGANQSWIEQLYEDFLTDPDSVDANWRSTFQQLPGTGVKPDQFHSQTREYFRRLAKDASRYSSTISDPDTNVKQVKVLQLINAYRFRGHQHANLDPLGLWQQDKVADLDPSFHDLTEADFQETFNVGSFASGKETMKLGELLEALKQTYCGPIGAEYMHITSTEEKRWIQQRIESGRATFNSEEKKRFLSELTAAEGLERYLGAKFPGAKRFSLEGGDALIPMLKEMIRHAGNSGTREVVLGMAHRGRLNVLVNVLGKKPQDLFDEFAGKHKEHLGTGDVKYHMGFSSDFQTDGGLVHLALAFNPSHLEIVSPVVIGSVRARLDRLDEPSSNKVLPITIHGDAAVTGQGVVQETLNMSKARGYEVGGTVRIVINNQVGFTTSNPLDARSTPYCTDIGKMVQAPIFHVNADDPEAVAFVTRLALDFRNTFKRDVFIDLVCYRRHGHNEADEPSATQPLMYQKIKKHPTPRKIYADKLEQEKVATLEDATEMVNLYRDALDAGDCVVAEWRPMNMHSFTWSPYLNHEWDEEYPNKVEMKRLQELAKRISTVPEAVEMQSRVAKIYGDRQAMAAGEKLFDWGGAENLAYATLVDEGIPVRLSGEDSGRGTFFHRHAVIHNQSNGSTYTPLQHIHNGQGAFRVWDSVLSEEAVLAFEYGYATAEPRTLTIWEAQFGDFANGAQVVIDQFISSGEQKWGRMCGLVMLLPHGYEGQGPEHSSARLERYLQLCAEQNMQVCVPSTPAQVYHMLRRQALRGMRRPLVVMSPKSLLRHPLAVSSLEELANGTFLPAIGEIDELDPKGVKRVVMCSGKVYYDLLEQRRKNNQHDVAIVRIEQLYPFPHKAMQEVLQQFAHVKDFVWCQEEPLNQGAWYCSQHHFREVIPFGASLRYAGRPASASPAVGYMSVHQKQQQDLVNDALNVE	IQQRIESGRATFNSEEKKRFLSELTAAEGLERYLGAKFPGAKRFSLEGGDALIPMLKEMIRHAGNSGTREVVLGMAHRGRLNVLVNVLGKKPQDLFDEFAGKHKEHLGTGDVKYHMGFSSDFQTDGGLVHLALAFNPSHLEIVSPVVIGSVRARLDRLDEPSSNKVLPITIHGDAAVTGQGVVQETLNMSKARGYEVGGTVRIVINNQVGFTTSNPLDARSTPYCTDIGKMVQAPIFHVNADDPEAVAFVTRLALDFRNTFKRDVFIDLVCYRRHGHNEADEPSATQP	(IQQRI)[[-53.0365]]ESGRATFNSEEKKRFLSELTAAEGLERYLGAKFPGAKRFSLEGGDALIPMLKEMIRHAGNSGTREVVLGMAHRGRLNVLVNVLGKKPQDLFDEFAGKHKEHLGTGDVKYHMGFSSDFQTDGGLVHLALAFNPSHLEIVSPVVIGSVRARLDRLDEPSSNKVLPITIHGDAAVTGQGVVQETLNMSKARGYEVGGTVRIVINNQVG(FTTSNPLDARSTPYCTDI)[[-53.0365][PET,]]GKMVQAPIFHVNADDPEAVAFVTRLALDFRNTFKRDVFIDLVCYRRHGHNEADEPSATQP	13	4.51389	184	471	2	8;65	2	121.040742;-53.036470	PET,;	264,;	394;184	411;188	0.0	0.0	46	-1.000000
19	1	0.498523812	242	sp|P0DOX5|IGG1_HUMAN	Immunoglobulin gamma-1 heavy chain OS=Homo sapiens OX=9606 PE=1 SV=2	-1.0	-1.0	0	QVQLVQSGGGVVQPGRSLRLSCAASGFTFSRYTIHWVRQAPGKGLEWVAVMSYNGNNKHYADSVNGRFTISRNDSKNTLYLNMNSLRPEDTAVYYCARIRDTAMFFAHWGQGTLVTVSSASTKGPSVFPLAPSSKSTSGGTAALGCLVKDYFPEPVTVSWNSGALTSGVHTFPAVLQSSGLYSLSSVVTVPSSSLGTQTYICNVNHKPSNTKVDKKVEPKSCDKTHTCPPCPAPELLGGPSVFLFPPKPKDTLMISRTPEVTCVVVDVSHEDPEVKFNWYVDGVEVHNAKTKPREEQYNSTYRVVSVLTVLHQDWLNGKEYKCKVSNKALPAPIEKTISKAKGQPREPQVYTLPPSRDELTKNQVSLTCLVKGFYPSDIAVEWESNGQPENNYKTTPPVLDSDGSFFLYSKLTVDKSRWQQGNVFSCSVMHEALHNHYTQKSLSLSPGK	QLVQSGGGVVQPGRSLRLSCAASGFTFSRYTIHWVRQAPGKGLEWVAVMSYNGNNKHYADSVNGRFTISRNDSKNTLYLNMNSLRPEDTAVYYCARIRDTAMFFAHWGQGTLVTVSSASTKGPSVFPLAPSSKSTSGGTAALGCLVKDYFPEPVTVSWNSGALTSGVHTFPAVLQSSGLYSLSSVVTVPSSSLGTQTYICNVNHKPSNTKVDKKVEPKSCDKTHTCPPCPAPELLGGPSVFLFPPKPKDTLMISRTPEVTCVVVDVSHEDPEVKFNWYVDGVEVHNAKTKPREEQYNSTYRVVSVLTVLHQDWLNGKEYKCKVSNKALPAPIEKTISKAKGQPREPQVYTLPPSRDELTKNQVSLTCLVKGFYPSDIAVEWESNGQPENNYKTTPPVLDSDGSFFLYSKLTVDKSRWQQGNVFSCSVMHEALHNHYTQKSLSLSPGK	(QLVQSGGGVVQPGRSLRLSCAASGFTFSRYTIHWVRQAPGKGLEWVAVMSYNGNNKHYADSVNGRFTISRNDSKNTLYLNMNSLRPEDTAVYYCARIRDTAMFFAH)[[Asp->Pro,Met->Xle,]]WGQGT(LV)[[Asp->Pro,Met->Xle,][Xle->Met,Pro->Asp,Fluoro,Pro->HAVA,Glu->Phe,Methyl:2H(3)13C(1),]]TVSSASTKGPSVFPLAPSSKSTSGGTAALGCLVKDYFPEPVTVSWNSGALTSGVHTFPAVLQSSGLYSLSSVVTVPSSSLGTQTYICNVNHKPSNTKVDKKVEPKSCDKTHTCPPCPAPELLGGPSVFLFPPKPKDTLMISRTPEVTCVVVDVSHEDPEVKFNWYVDGVEVHNAKTKPREEQYNSTYRVVSVLTVLHQDWLNGKEYKCKVSNKALPAPIEKTISKAKGQPREPQVYTLPPSRDELTKNQVSLTCLVKGFYPSDIAVEWESNGQPENNYKTTPPVLDSDGSFFLYSKLTVDKSRWQQGNVFSCSVMHEALHNHYTQKSLSLSPGK	14	3.13199	3	-1	6	0;4;20;27;32;51	2	-17.839288;17.922029	Asp->Pro,Met->Xle,;Xle->Met,Pro->Asp,Fluoro,Pro->HAVA,Glu->Phe,Methyl:2H(3)13C(1),	1072,614,;608,1167,127,1922,1079,329,	3;114	108;115	0.0	0.0	59	-1.000000
20	1	0.498523812	242	sp|P33369|MDTQ_ECOLI	Putative multidrug resistance outer membrane protein MdtQ OS=Escherichia coli (strain K12) OX=83333 GN=mdtQ PE=5 SV=2	-1.0	-1.0	0	MNRDSFYPAIACFPLLLMLAGCAPMHETRQALSQQTPAAQVDTALPTALKMVGQTXQWWLEYHDNQLTSLINNALQNAPDMQVAEQRIQLAEAQAKAVATQDGPQIDFSADMERQKMSAEGLMGPFALNDPAAGTTGPWYTNGTFGLTAGWHLDIWGKNRAEVTARLGTVKARAAEREQTRQLLAGSVARLYWEWQTQAALNTVLQQIEKEQNTIIATDRQLYQNGITSSVEGVETDINASKTRQQLNDVAGKMKIIEARLSALTNNQTKSLKLKPVALPKVASQLPDELGYSLLARRADLQAAHWYVESSLSTIDAAKAAFYPDINLMAFLQQDALHLSDLFRHSAQQMGVTAGLTLPIFDSGRLNANLDIAKAESNLSIASYNKAVVEAVNDVARAASQVQTLAEKNQHQAQIERDALRVVGLAQARFNAGIIAGSRVSEARIPALRERANGLLLQGQWLDASIQLTGALGGGYKR	PTALKMVGQTXQWWLEYHDNQLTSLINNALQNAPDMQVAEQRIQLAEAQAKAVATQDGPQIDFSADMERQKMSAEGLMGPFALNDPAAGTTGPWYTNGTFGLTAGWHLDIWGKNRAEVTARLGTVKARAAEREQTRQLLAGSVARLYWEWQTQAALNTVLQQIEKEQ	PTALKMVGQTXQ(WWLEYHDNQLTSLINNALQNAPDMQVAEQRIQLAEAQAKAVATQDGPQIDFSADMERQKMSAEGLMGPFALNDPAAGTTGPWYTNG)[[-38.7843]]TFGLTAGWHLDIWGKNRAEVTARLGTVKARAAEREQTRQLLAGSVARLYWEWQTQAALNTVLQQIE(KEQ)[[-38.7843][Nmethylmaleimide,Xlink:BuUrBu[111],]]	14	8.38323	46	212	2	28;49	2	111.032843;-38.784312	Nmethylmaleimide,Xlink:BuUrBu[111],;	314,1885,;	210;58	212;143	0.0	0.0	60	-1.000000
