ProteoformIndex	Scan	RetentionTime	NumMass	ProteinAccession	ProteinDescription	PrecursorMass	ProteoformMass	ProteoformMassFromComplementaryFragmentIonPairs	DatabaseSequence	ProteinSequence	Proforma	MatchingFragments	Coverage(%)	StartPosition	EndPosition	TagCount	TagIndices	ModCount	ModMass	ModID	ModAccession	ModStart	ModEnd	PrecursorQscore	PrecursorSNR	Score	PrSMLevelQvalue	ProteoformLevelQvalue
0	1	4.41005058	142	sp|P07004|PROA_ECOLI	Gamma-glutamyl phosphate reductase OS=Escherichia coli (strain K12) OX=83333 GN=proA PE=1 SV=2	-1.0	-1.0	0	MLEQMGIAAKQASYKLAQLSSREKNRVLEKIADELEAQSEIILNANAQDVADARANGLSEAMLDRLALTPARLKGIADDVRQVCNLADPVGQVIDGGVLDSGLRLERRRVPLGVIGVIYEARPNVTVDVASLCLKTGNAVILRGGKETCRTNAATVAVIQDALKSCGLPAGAVQAIDNPDRALVSEMLRMDKYIDMLIPRGGAGLHKLCREQSTIPVITGGIGVCHIYVDESVEIAEALKVIVNAKTQRPSTCNTVETLLVNKNIADSFLPALSKQMAESGVTLHADAAALAQLQAGPAKVVAVKAEEYDDEFLSLDLNVKIVSDLDDAIAHIREHGTQHSDAILTRDMRNAQRFVNEVDSSAVYVNASTRFTDGGQFGLGAEVAVSTQKLHARGPMGLEALTTYKWIGIGDYTIRA	MLEQMGIAAKQASYKLAQLSSREKNRVLEKIADELEAQSEIILNANAQDVADARANGLSEAMLDRLALTPARLKGIADDVRQVCNLADPVGQVIDGGVLDSGLRLERRRVPLGVIGVIYEARPNVTVDVASLCLKTGN	MLEQMGIAAKQASYKLAQLSSREKNRVLEKIADELEAQSEIILNANAQDVADARANGLSEAMLDRLALTPARLKGIADDVRQVCNLADPVGQVIDGGVLDSGLR(LERRRV)[[+349.096]]PLGVIGVIYEARPNVTVDVASLCLKTGN	9	6.52174	-1	138	1	3403	1	349.096468			105	110	0.0	0.0	41	-1.000000	-1.000000
1	1	4.41005058	142	sp|P63183|KUP_ECOLI	Low affinity potassium transport system protein kup OS=Escherichia coli (strain K12) OX=83333 GN=kup PE=3 SV=1	-1.0	5622.966550953346086	1	MSTDNKQSLPAITLAAIGVVYGDIGTSPLYTLRECLSGQFGFGVERDAVFGFLSLIFWLLIFVVSIKYLTFVMRADNAGEGGILTLMSLAGRNTSARTTSMLVIMGLIGGSFFYGEVVITPAISVMSAIEGLEIVAPQLDTWIVPLSIIVLTLLFMIQKHGTAMVGKLFAPIMLTWFLILAGLGLRSIIANPEVLHALNPMWAVHFFLEYKTVSFIALGAVVLSITGVEALYADMGHFGKFPIRLAWFTVVLPSLTLNYFGQGALLLKNPEAIKNPFFLLAPDWALIPLLIIAALATVIASQAVISGVFSLTRQAVRLGYLSPMRIIHTSEMESGQIYIPFVNWMLYVAVVIVIVSFEHSSNLAAAYGIAVTGTMVLTSILSTTVARQNWHWNKYFVALILIAFLCVDIPLFTANLDKLLSGGWLPLSLGTVMFIVMTTWKSERFRLLRRMHEHGNSLEAMIASLEKSPPVRVPGTAVYMSRAINVIPFALMHNLKHNKVLHERVILLTLRTEDAPYVHNVRRVQIEQLSPTFWRVVASYGWRETPNVEEVFHRCGLEGLSCRMMETSFFMSHESLILGKRPWYLRLRGKLYLLLQRNALRAPDQFEIPPNRVIELGTQVEI	LRECLSGQFGFGVERDAVFGFLSLIFWLLIFVVSIKYLTFVMRADNAGEG	(LRECLSGQFGFGVERDA)[[His->Thr,]]VFGFLSLIFWLLIFVV(SIKYLTFVMRADNAGEG)[[His->Thr,][Ethyl+Deamidated,Val->Lys,Delta:H(5)C(2),]]	5	10	32	81	1	3255	2	-36.011938;29.048628	His->Thr,;Ethyl+Deamidated,Val->Lys,Delta:H(5)C(2),	1122,;931,1215,529,	32;65	48;81	0.0	0.0	6	-1.000000	-1.000000
2	1	4.41005058	142	sp|P0A6P9|ENO_ECOLI	Enolase OS=Escherichia coli (strain K12) OX=83333 GN=eno PE=1 SV=2	-1.0	-1.0	0	MSKIVKIIGREIIDSRGNPTVEAEVHLEGGFVGMAAAPSGASTGSREALELRDGDKSRFLGKGVTKAVAAVNGPIAQALIGKDAKDQAGIDKIMIDLDGTENKSKFGANAILAVSLANAKAAAAAKGMPLYEHIAELNGTPGKYSMPVPMMNIINGGEHADNNVDIQEFMIQPVGAKTVKEAIRMGSEVFHHLAKVLKAKGMNTAVGDEGGYAPNLGSNAEALAVIAEAVKAAGYELGKDITLAMDCAASEFYKDGKYVLAGEGNKAFTSEEFTHFLEELTKQYPIVSIEDGLDESDWDGFAYQTKVLGDKIQLVGDDLFVTNTKILKEGIEKGIANSILIKFNQIGSLTETLAAIKMAKDAGYTAVISHRSGETEDATIADLAVGTAAGQIKTGSMSRSDRVAKYNQLIRIEEALGEKAPYNGRKEIKGQA	MSKIVKIIGREIIDSRGNPTVEAEVHLEGGFVGMAAAPSGASTGSREALEL	MSKIVKIIGREIIDSRGNPTVEAEVHLEG[Ammonium,Methyl:2H(2)13C,Methyl:2H(3),]GFV(GMAAAPSGAS)[[Ammonium,Methyl:2H(2)13C,Methyl:2H(3),][Gly->Gln,Propionamide,Asp->Trp,]]TGSREALEL	6	11.7647	-1	51	1	3107	2	71.051664;17.025741	Gly->Gln,Propionamide,Asp->Trp,;Ammonium,Methyl:2H(2)13C,Methyl:2H(3),	1110,24,1077,;989,99987,298,	33;29	42;29	0.0	0.0	12	-1.000000	-1.000000
3	1	4.41005058	142	sp|P00805|ASPG2_ECOLI	L-asparaginase 2 OS=Escherichia coli (strain K12) OX=83333 GN=ansB PE=1 SV=2	-1.0	8867.815950659734881	1	MEFFKKTALAALVMGFSGAALALPNITILATGGTIAGGGDSATKSNYTVGKVGVENLVNAVPQLKDIANVKGEQVVNIGSQDMNDNVWLTLAKKINTDCDKTDGFVITHGTDTMEETAYFLDLTVKCDKPVVMVGAMRPSTSMSADGPFNLYNAVVTAADKASANRGVLVVMNDTVLDGRDVTKTNTTDVATFKSVNYGPLGYIHNGKIDYQRTPARKHTSDTPFDVSKLNELPKVGIVYNYANASDLPAKALVDAGYDGIVSAGVGNGNLYKSVFDTLATAAKTGTAVVRSSRVPTGATTQDAEVDDAKYGFVASGTLNPQKARVLLQLALTQTKDPQQIQQIFNQY	GFSGAALALPNITILATGGTIAGGGDSATKSNYTVGKVGVENLVNAVPQLKDIANVKGEQVVNIGSQDMNDNVWLTLAKKINTDC	(GFSGAALALPN)[[Xle->Pro,Phe->Met,Met->Asp,Deoxy,Ser->Ala,Tyr->Phe,Cys->Ser,Asp->Val,Glu->Xle,]]ITIL(ATGGTIAGGGDSATKSNYTVGKVGVENLVNAVPQLKDIANVKGE)[[Xle->Pro,Phe->Met,Met->Asp,Deoxy,Ser->Ala,Tyr->Phe,Cys->Ser,Asp->Val,Glu->Xle,][+245.36]]QVVNIGSQDMNDNVWLTLAKKINTDC	8	9.41176	15	99	1	2985	2	-15.993466;245.360189	Xle->Pro,Phe->Met,Met->Asp,Deoxy,Ser->Ala,Tyr->Phe,Cys->Ser,Asp->Val,Glu->Xle,;	604,1096,1144,447,648,678,548,559,1081,;	15;30	25;73	0.0	0.0	16	-1.000000	-1.000000
4	1	4.41005058	142	sp|P31550|THIB_ECOLI	Thiamine-binding periplasmic protein OS=Escherichia coli (strain K12) OX=83333 GN=thiB PE=1 SV=2	-1.0	-1.0	0	MLKKCLPLLLLCTAPVFAKPVLTVYTYDSFAADWGPGPVVKKAFEADCNCELKLVALEDGVSLLNRLRMEGKNSKADVVLGLDNNLLDAASKTGLFAKSGVAADAVNVPGGWNNDTFVPFDYGYFAFVYDKNKLKNPPQSLKELVESDQNWRVIYQDPRTSTPGLGLLLWMQKVYGDDAPQAWQKLAKKTVTVTKGWSEAYGLFLKGESDLVLSYTTSPAYHILEEKKDNYAAANFSEGHYLQVEVAARTAASKQPELAQKFLQFMVSPAFQNAIPTGNWMYPVANVTLPAGFEKLTKPATTLEFTPAEVAAQRQAWISEWQRAVSR	IYQDPRTSTPGLGLLLWMQKVYGDDAPQAWQKLAKKTVTVTKGWSEAYGLFLKGESDLVLSYTTSPAYHILEEKKDNYAAANFSEGHYLQVEVAARTAASKQPELAQKFLQFMVSPAFQNAIPTGNWMYPVANVTLPAGFEKLTKPATTLEFTPAEVAAQRQAWISEWQRAVSR	IYQDPRTSTPGLGLLLWMQKVYGDDAPQAWQKLAKKTVTVTKGWSEAYGLFLKGESDLVLSYTT(SPAY)[[-288.015]]HILEEKKDNYAAANFSEGHYLQVEVAARTAASKQPELAQKFLQFMVSPAFQNAIPTGNWMYPVANVTLPAGFEKLTKPATTLEFTPAEVAAQRQAWISEWQRAVSR	7	4.02299	154	-1	1	3359	1	-288.015180			218	221	0.0	0.0	27	-1.000000	-1.000000
5	1	4.41005058	142	sp|P37349|DHAM_ECOLI	PEP-dependent dihydroxyacetone kinase, phosphoryl donor subunit DhaM OS=Escherichia coli (strain K12) OX=83333 GN=dhaM PE=1 SV=3	-1.0	-1.0	0	MVNLVIVSHSSRLGEGVGELARQMLMSDSCKIAIAAGIDDPQNPIGTDAVKVMEAIESVADADHVLVMMDMGSALLSAETALELLAPEIAAKVRLCAAPLVEGTLAATVSAASGADIDKVIFDAMHALEAKREQLGLPSSDTEISDTCPAYDEEARSLAVVIKNRNGLHVRPASRLVYTLSTFNADMLLEKNGKCVTPESINQIALLQVRYNDTLRLIAKGPEAEEALIAFRQLAEDNFGETEEVAPPTLRPVPPVSGKAFYYQPVLCTVQAKSTLTVEEEQDRLRQAIDFTLLDLMTLTAKAEASGLDDIAAIFSGHHTLLDDPELLAAASELLQHEHCTAEYAWQQVLKELSQQYQQLDDEYLQARYIDVDDLLHRTLVHLTQTKEELPQFNSPTILLAENIYPSTVLQLDPAVVKGICLSAGSPVSHSALIARELGIGWICQQGEKLYAIQPEETLTLDVKTQRFNRQG	MVNLVIVSHSSRLGEGVGELARQMLMSDSCKIAIAAGIDDPQNPIGTDAVKVMEAIESVADADHVLVMMDMGSALLSAETALELLAPEIAAKVRLCAAPLVEGTLAATVSAASGADIDKVIFDAMHALEAKREQLGLPSSDTEI	MVNLVIVSHSSRLGEGVGELARQMLMSDSCKIAIAAGIDDPQNPIGTDAVKVMEAIESVADADHVLVMMDMGSALLS(AETALELLAPEIAAKVRLCAAPLVEGTLAATVSAASGADIDKVIFDAMHALEAK)[[Phenylisocyanate:2H(5),]]REQLGLPSSDTEI	6	4.16667	-1	144	1	3301	1	124.126957	Phenylisocyanate:2H(5),	412,	78	131	0.0	0.0	27	-1.000000	-1.000000
6	1	4.41005058	142	sp|P77453|HYFJ_ECOLI	Hydrogenase-4 component J OS=Escherichia coli (strain K12) OX=83333 GN=hyfJ PE=4 SV=1	-1.0	-1.0	0	MTEECGEIVFWTLRKKFVASSDEMPEHSSQVMYYSLAIGHHVGVIDCLNVAFRCPLTEYEDWLALVEEEQARRKMLGVMTFGEIVIDASHTALLTRAFAPLADDATSVWQARSIQFIHLLDEIVQEPAIYLMARKIA	FRCPLTEYEDWLALVEEEQARRKMLGVMTFGEIVIDASHTALLTRAFAPLADDATSVWQARSIQFIHLLDEIVQEPAIYLMARKIA	FRCPLTEYEDWLALVEEEQARRK(MLGVMTFGEIVIDASHTALLTRAFAPLADDATSVWQARSIQF)[[-215.896]]IHLLDEIVQEPAIYLMARKIA	8	9.30233	52	-1	3	3041;3346;3355	1	-215.895516			75	116	0.0	0.0	30	-1.000000	-1.000000
7	1	4.41005058	142	sp|P0AG03|UBIX_ECOLI	Flavin prenyltransferase UbiX OS=Escherichia coli (strain K12) OX=83333 GN=ubiX PE=2 SV=1	-1.0	-1.0	0	MKRLIVGISGASGAIYGVRLLQVLRDVTDIETHLVMSQAARQTLSLETDFSLREVQALADVTHDARDIAASISSGSFQTLGMVILPCSIKTLSGIVHSYTDGLLTRAADVVLKERRPLVLCVRETPLHLGHLRLMTQAAEIGAVIMPPVPAFYHRPQSLDDVINQTVNRVLDQFAITLPEDLFARWQGA	MKRLIVGISGASGAIYGVRLLQVLRDVTDIETHLVMSQAARQTLSLETDFSLREVQALADVTHDARDIAASISSGSFQTLGMVILPCSIKTLSGIVHSYTDGLLTRAADVVLKERRPLVLCVRETPLHLGHLRLMTQAAEIGAVIMPPVPAFYHRPQSLDDVIN	MKRLIVGISGASGAIYGVRLLQVLRDVTDIETHLVMSQAARQTLSLETDFSLREVQALADVTHDARDIAASISSGSFQTLGMVILPCSIKTLSGIVHSYTDGLLTRAADVVLKERRPLVLCVRETPLHLGHLRLMTQAAEIGAV[Pro->Asn,Asn->Met,]IM[Pro->Asn,Asn->Met,][MDCC,]PPVPAFYHRPQSLDDVIN	9	5.4878	-1	164	1	3129	2	383.147740;16.992680	MDCC,;Pro->Asn,Asn->Met,	887,;1173,1160,	146;144	146;144	0.0	0.0	32	-1.000000	-1.000000
8	1	4.41005058	142	sp|P0A8K8|YIHY_ECOLI	UPF0761 membrane protein YihY OS=Escherichia coli (strain K12) OX=83333 GN=yihY PE=1 SV=1	-1.0	1.645998916589573e04	1	MLKTIQDKARHRTRPLWAWLKLLWQRIDEDNMTTLAGNLAYVSLLSLVPLVAVVFALFAAFPMFSDVSIQLRHFIFANFLPATGDVIQRYIEQFVANSNKMTAVGACGLIVTALLLMYSIDSALNTIWRSKRARPKIYSFAVYWMILTLGPLLAGASLAISSYLLSLRWASDLNTVIDNVLRIFPLLLSWISFWLLYSIVPTIRVPNRDAIVGAFVAALLFEAGKKGFALYITMFPSYQLIYGVLAVIPILFVWVYWTWCIVLLGAEITVTLGEYRKLKQAAEQEEDDEP	ATGDVIQRYIEQFVANSNKMTAVGACGLIVTALLLMYSIDSALNTIWRSKRARPKIYSFAVYWMILTLGPLLAGASLAISSYLLSLRWASDLNTVIDNVLRIFPLLLSWISFWLLYSIVPTIRVPNRDAIVGAFVAALLFEAGKKGF	ATGDVIQRYIEQFVANSNKMTAVGACGLIVTALLLMYSIDSALNTIWRSKRARPKIYSFAVYWM[+232.289]ILTLGPLLAGASLAISSYLLSLRWASDLNTVIDNVLRIFPLLLSWISFWLLYSIVPTIRVPNRDAI(VGAFVAALLFEAGKKGF)[[+232.289][His->Thr,]]	10	6.80272	82	228	2	2880;2881	2	232.289383;-36.170690	;His->Thr,	;1122,	145;212	145;228	0.0	0.0	33	-1.000000	-1.000000
9	1	4.41005058	142	sp|P39173|YEAD_ECOLI	Putative glucose-6-phosphate 1-epimerase OS=Escherichia coli (strain K12) OX=83333 GN=yeaD PE=1 SV=2	-1.0	-1.0	0	MIKKIFALPVIEQISPVLSRRKLDELDLIVVDHPQVKASFALQGAHLLSWKPAGEEEVLWLSNNTPFKNGVAIRGGVPVCWPWFGPAAQQGLPAHGFARNLPWTLKSHHEDADGVALTFELTQSEETKKFWPHDFTLLAHFRVGKTCEIDLESHGEFETTSALHTYFNVGDIAKVSVSGLGDRFIDKVNDAKENVLTDGIQTFPDRTDRVYLNPQDCSVINDEALNRIIAVGHQHHLNVVGWNPGPALSISMGDMPDDGYKTFVCVETAYASETQKVTKEKPAHLAQSIRVAKR	MIKKIFALPVIEQISPVLSRRKLDELDLIVVDHPQVKASFALQGAHLLSWKPAGEEEVLWLSNNTPFKNGVAIRGGVPVCWPWFGPAAQQGLPAHGFARNLPWTLKSHHEDADG	MIKKIFALPVIEQISPVLSRRKLDELDLIVVDHPQVKASFALQGAHLLSWKPAGEEEVLWLSNNTPFKNGVAI(RGGVPVCWPWFGPA)[[-164.864]]AQQGLPAHGFARNLPWTLKSHHEDADG	8	7.01754	-1	114	1	3080	1	-164.864059			74	87	0.0	0.0	33	-1.000000	-1.000000
10	1	4.41005058	142	sp|P0AA57|YOBA_ECOLI	Protein YobA OS=Escherichia coli (strain K12) OX=83333 GN=yobA PE=1 SV=1	-1.0	-1.0	0	MASTARSLRYALAILTTSLVTPSVWAHAHLTHQYPAANAQVTAAPQAITLNFSEGVETGFSGAKITGPKNENIKTLPAKRNEQDQKQLIVPLADSLKPGTYTVDWHVVSVDGHKTKGHYTFSVK	MASTARSLRYALAILTTSLVTPSVWAHAHLTHQYPAANAQVTAAPQAITLNFSEGVETGFSGAKITGPKNENIKTLPAKRNEQDQKQLIVPLADSLKPGTYTVDWHVVSVDGHKTKGHYT	MASTARSLRYALAILTTSLVTPSVWAHAHLTHQYPAANAQVTAAPQAITL(NFSEGVETGFSGAKITGPKNENIKTLPAKRNEQDQKQLIVPLA)[[-133.898]]DSLKPGTYTVDWHVVSVDGHKTKGHYT	8	6.66667	-1	120	2	3209;3210	1	-133.898156			51	93	0.0	0.0	34	-1.000000	-1.000000
11	1	4.41005058	142	sp|P09053|AVTA_ECOLI	Valine--pyruvate aminotransferase OS=Escherichia coli (strain K12) OX=83333 GN=avtA PE=1 SV=3	-1.0	1.572944125649532e04	1	MTFSLFGDKFTRHSGITLLMEDLNDGLRTPGAIMLGGGNPAQIPEMQDYFQTLLTDMLESGKATDALCNYDGPQGKTELLTLLAGMLREKLGWDIEPQNIALTNGSQSAFFYLFNLFAGRRADGRVKKVLFPLAPEYIGYADAGLEEDLFVSARPNIELLPEGQFKYHVDFEHLHIGEETGMICVSRPTNPTGNVITDEELLKLDALANQHGIPLVIDNAYGVPFPGIIFSEARPLWNPNIVLCMSLSKLGLPGSRCGIIIANEKIITAITNMNGIISLAPGGIGPAMMCEMIKRNDLLRLSETVIKPFYYQRVQETIAIIRRYLPENRCLIHKPEGAIFLWLWFKDLPITTKQLYQRLKARGVLMVPGHNFFPGLDKPWPHTHQCMRMNYVPEPEKIEAGVKILAEEIERAWAESH	DEELLKLDALANQHGIPLVIDNAYGVPFPGIIFSEARPLWNPNIVLCMSLSKLGLPGSRCGIIIANEKIITAITNMNGIISLAPGGIGPAMMCEMIKRNDLLRLSETVIKPFYYQRVQETIAIIRRYLPENRCLIHKPEGAI	DEELLKLDALANQHGIPLVIDNAYGVPFPGIIFSEARPLWNPNIVLCMSLSKLGLP(GSRCGIIIANEK)[[Delta:H(6)C(6)O(1),]]IITAITNMNGIISLAPGGIGPAMMCEMIKRNDLLR(LSETVIKPFYYQRVQETIAIIRRYLPENRCLIHKPEGAI)[[Delta:H(6)C(6)O(1),][Tyr->Val,]]	10	7.04225	198	339	1	3340	2	94.075313;-63.994365	Delta:H(6)C(6)O(1),;Tyr->Val,	205,;1246,	254;301	265;339	0.0	0.0	37	-1.000000	-1.000000
12	1	4.41005058	142	AQPZ	withCtermTag	-1.0	2.472501337441757e04	1	MFRKLAAECFGTFWLVFGGCGSAVLAAGFPELGIGFAGVALAFGLTVLTMAFAVGHISGGHFNPAVTIGLWAGGRFPAKEVVGYVIAQVVGGIVAAALLYLIASGKTGFDAAASGFASNGYGEHSPGGYSMLSALVVELVLSAGFLLVIHGATDKFAPAGFAPIAIGLALTLIHLISIPVTNTSVNPARSTAVAIFQGGWALEQLWFFWVVPIVGGIIGGLIYRTLLEKRDASGENLYFQ	MFRKLAAECFGTFWLVFGGCGSAVLAAGFPELGIGFAGVALAFGLTVLTMAFAVGHISGGHFNPAVTIGLWAGGRFPAKEVVGYVIAQVVGGIVAAALLYLIASGKTGFDAAASGFASNGYGEHSPGGYSMLSALVVELVLSAGFLLVIHGATDKFAPAGFAPIAIGLALTLIHLISIPVTNTSVNPARSTAVAIFQGGWALEQLWFFWVVPIVGGIIGGLIYRTLLEKRDASGENLYFQ	MFRKLAAECFGTFWLVFGGCGSAVLAAGFPELGIGFAGV(ALAFGLTVLTMAFAVGHISGGHFNPAVTIGLWAGGR)[[Delta:H(-4)O(2),Formyl,Ser->Asp,Thr->Glu,Lys->Arg,Ala->Val,Cys->Met,Delta:H(4)C(2),Dimethyl,Ethyl,Gln->Arg,Label:13C(6)15N(4)+Methyl:2H(3)13C(1),]]FPAKEVVGYVIAQVVGGIVAAALLYLIASGKTGFDAAASGFASNGYGEHSPGGYSMLSALVVELVLSAGFLLVIHGATDKFAPAGFAPIAIGLALTLIHLISIPVTNTSVNPARSTAVAIFQGGWALEQLWFFWVVPIVGGIIGGLIYRTLLEKRDASGENLYFQ	65	27.0833	1	240	19	51;52;152;283;605;1350;1408;2078;2112;2305;2665;2702;2748;2849;3224;3256;3295;3324;3389	1	27.984791	Delta:H(-4)O(2),Formyl,Ser->Asp,Thr->Glu,Lys->Arg,Ala->Val,Cys->Met,Delta:H(4)C(2),Dimethyl,Ethyl,Gln->Arg,Label:13C(6)15N(4)+Methyl:2H(3)13C(1),	1923,122,1196,1205,599,546,1061,255,36,280,634,1006,	40	75	0.0	0.0	470	-1.000000	-1.000000
13	1	4.41005058	142	sp|P42590|YGJI_ECOLI	Inner membrane transporter YgjI OS=Escherichia coli (strain K12) OX=83333 GN=ygjI PE=1 SV=2	-1.0	8441.487163687143038	1	MSDTKRNTIGKFGLLSLTFAAVYSFNNVINNNIELGLASAPMFFLATIFYFIPFCLIIAEFVSLNKNSEAGVYAWVKSSLGGRWAFITAYTYWFVNLFFFTSLLPRVIAYASYAFLGYEYIMTPVATTIISMVLFAFSTWVSTNGAKMLGPITSVTSTLMLLLTLSYILLAGTALVGGVQPADAITVDAMIPNFNWAFLGVTTWIFMAAGGAESVAVYVNDVKGGSKSFVKVIILAGIFIGVLYSVSSVLINVFVSSKELKFTGGSVQVFHGMAAYFGLPEALMNRFVGLVSFTAMFGSLLMWTATPVKIFFSEIPEGIFGKKTVELNENGVPARAAWIQFLIVIPLMIIPMLGSNTVQDLMNTIINMTAAASMLPPLFIMLAYLNLRAKLDHLPRDFRMGSRRTGIIVVSMLIAIFAVGFVASTFPTGANILTIIFYNVGGIVIFLGFAWWKYSKYIKGLTAEERHIEATPASNVD	NTIINMTAAASMLPPLFIMLAYLNLRAKLDHLPRDFRMGSRRTGIIVVSMLIAIFAVGFVASTFPTGANILTIIFYN	NTIINMTAAASMLPPLFIMLAYLNLRAKLDHLPRDFRMGSRRT(GIIVVSMLIAIFAVGFVASTFPT)[[Arg->Pro,]]GANILTI(IFYN)[[Arg->Pro,][Xle->Met,Pro->Asp,Fluoro,Pro->HAVA,Glu->Phe,]]	10	12.987	363	439	3	3004;3296;3336	2	-59.059067;17.952122	Arg->Pro,;Xle->Met,Pro->Asp,Fluoro,Pro->HAVA,Glu->Phe,	639,;608,1167,127,1922,1079,	406;436	428;439	0.0	0.0	41	-1.000000	-1.000000
14	1	4.41005058	142	sp|P27250|AHR_ECOLI	Aldehyde reductase Ahr OS=Escherichia coli (strain K12) OX=83333 GN=ahr PE=1 SV=2	-1.0	-1.0	0	MSMIKSYAAKEAGGELEVYEYDPGELRPQDVEVQVDYCGICHSDLSMIDNEWGFSQYPLVAGHEVIGRVVALGSAAQDKGLQVGQRVGIGWTARSCGHCDACISGNQINCEQGAVPTIMNRGGFAEKLRADWQWVIPLPENIDIESAGPLLCGGITVFKPLLMHHITATSRVGVIGIGGLGHIAIKLLHAMGCEVTAFSSNPAKEQEVLAMGADKVVNSRDPQALKALAGQFDLIINTVNVSLDWQPYFEALTYGGNFHTVGAVLTPLSVPAFTLIAGDRSVSGSATGTPYELRKLMRFAARSKVAPTTELFPMSKINDAIQHVRDGKARYRVVLKADF	GGFAEKLRADWQWVIPLPENIDIESAGPLLCGGITVFKPLLMHHITATSRVGVIGIGGLGHIAIKLLHAMGCEVTAFSSNPAKEQEVLAMGADKVVNSRDPQALKALAGQFDLIINTVNVSLDWQPYFEALTYGGNFHTVGAVLTPLSVPAFTLIAGDRSVSGSATGTPYELRKLMRFAARSKVAPTTELFPMSKINDAIQHVRDGKARYRVVLKADF	(GGFAEKLRADWQWVIPLPENID)[[3sulfo,]]IESAGPLLCGGITVFKPLLMHHITATSRVGVIGIGGLGHIAIKLLHAMGCEVTAFSSNPAKEQEVLAMGADKVVNSRDPQALKALAGQFDLIINTVNVSLDWQPYFEALTYGGNFHTVGAVLTPLSVPAFTLIAGDRSVSGSATGTPYELRKLMRFAARSKVAPTTELF(PMSKINDAIQHVRDGKARYRVVLKADF)[[3sulfo,][+466.29]]	11	5.04587	122	339	2	3259;3302	2	466.290300;183.998069	;3sulfo,	;748,	313;122	339;143	0.0	0.0	42	-1.000000	-1.000000
15	1	4.41005058	142	sp|P09152|NARG_ECOLI	Respiratory nitrate reductase 1 alpha chain OS=Escherichia coli (strain K12) OX=83333 GN=narG PE=1 SV=4	-1.0	-1.0	0	MSKFLDRFRYFKQKGETFADGHGQLLNTNRDWEDGYRQRWQHDKIVRSTHGVNCTGSCSWKIYVKNGLVTWETQQTDYPRTRPDLPNHEPRGCPRGASYSWYLYSANRLKYPMMRKRLMKMWREAKALHSDPVEAWASIIEDADKAKSFKQARGRGGFVRSSWQEVNELIAASNVYTIKNYGPDRVAGFSPIPAMSMVSYASGARYLSLIGGTCLSFYDWYCDLPPASPQTWGEQTDVPESADWYNSSYIIAWGSNVPQTRTPDAHFFTEVRYKGTKTVAVTPDYAEIAKLCDLWLAPKQGTDAAMALAMGHVMLREFHLDNPSQYFTDYVRRYTDMPMLVMLEERDGYYAAGRMLRAADLVDALGQENNPEWKTVAFNTNGEMVAPNGSIGFRWGEKGKWNLEQRDGKTGEETELQLSLLGSQDEIAEVGFPYFGGDGTEHFNKVELENVLLHKLPVKRLQLADGSTALVTTVYDLTLANYGLERGLNDVNCATSYDDVKAYTPAWAEQITGVSRSQIIRIAREFADNADKTHGRSMIIVGAGLNHWYHLDMNYRGLINMLIFCGCVGQSGGGWAHYVGQEKLRPQTGWQPLAFALDWQRPARHMNSTSYFYNHSSQWRYETVTAEELLSPMADKSRYTGHLIDFNVRAERMGWLPSAPQLGTNPLTIAGEAEKAGMNPVDYTVKSLKEGSIRFAAEQPENGKNHPRNLFIWRSNLLGSSGKGHEFMLKYLLGTEHGIQGKDLGQQGGVKPEEVDWQDNGLEGKLDLVVTLDFRLSSTCLYSDIILPTATWYEKDDMNTSDMHPFIHPLSAAVDPAWEAKSDWEIYKAIAKKFSEVCVGHLGKETDIVTLPIQHDSAAELAQPLDVKDWKKGECDLIPGKTAPHIMVVERDYPATYERFTSIGPLMEKIGNGGKGIAWNTQSEMDLLRKLNYTKAEGPAKGQPMLNTAIDAAEMILTLAPETNGQVAVKAWAALSEFTGRDHTHLALNKEDEKIRFRDIQAQPRKIISSPTWSGLEDEHVSYNAGYTNVHELIPWRTLSGRQQLYQDHQWMRDFGESLLVYRPPIDTRSVKEVIGQKSNGNQEKALNFLTPHQKWGIHSTYSDNLLMLTLGRGGPVVWLSEADAKDLGIADNDWIEVFNSNGALTARAVVSQRVPAGMTMMYHAQERIVNLPGSEITQQRGGIHNSVTRITPKPTHMIGGYAHLAYGFNYYGTVGSNRDEFVVVRKMKNIDWLDGEGNDQVQESVK	MVVERDYPATYERFTSIGPLMEKIGNGGKGIAWNTQSEMDLLRKLNYTKAEGPAKGQPMLNTAIDAAEMILTLAPETNGQVAVKAWAALSEFTGRDHTHLALNKEDEKIRFRDIQAQPRKIISSPTWSGLEDEHVSYNAGYTNVHELIPWRTLSGRQQLYQDHQWMRDFGESLLVYRPPIDTRSVKEVIGQKSNGNQEKALNFLTPHQKWGIHSTYSDNLLMLTLGRGGPVVWLSEADAKDLGIADNDWIEVFNSNGALTARAVVSQRVPAGMTMMYHAQERIVNLPGSEITQQRGGIHNSVTRITPKPTHMIGGYAHLAYGFNYYGTVGSNRDEFVVVRKMKNIDWLDGEGNDQVQESVK	MVVERDYPATYERFTSIG(PLMEKIGNGGKGIAWNTQSEMDLLRKLNYTKAEGPAKGQPMLNTAIDAAEM)[[-169.799]]ILTLAPETNGQVAVKAWAALSEFTGRDHTHLALNKEDEKIRFRDIQAQPRKIISSPTWSGLEDEHVSYNAGYTNVHELIPWRTLSGRQQLYQDHQWMRDFGESLLVYRPPIDTRSVKEVIGQKSNGNQEKALNFLTPHQKWGIHSTYSDNLLMLTLGRGGPVVWLSEADAKDLGIADNDWIEVFNSNGALTARAVVSQRVPAGMTMMYHAQERIVNLPGSEITQQRGGIHNSVTRITPKPTHMIGGYAHLAYGFNYYGTVGSNRDEFVVVRKMKNIDWLDGEGNDQVQESVK	10	2.77008	887	-1	5	2428;2857;3002;3260;3336	1	-169.798975			905	955	0.0	0.0	45	-1.000000	-1.000000
16	1	4.41005058	142	sp|P76536|YFEX_ECOLI	Dye-decolorizing peroxidase YfeX OS=Escherichia coli (strain K12) OX=83333 GN=yfeX PE=1 SV=2	-1.0	1.470184984987003e04	1	MSQVQSGILPEHCRAAIWIEANVKGEVDALRAASKTFADKLATFEAKFPDAHLGAVVAFGNNTWRALSGGVGAEELKDFPGYGKGLAPTTQFDVLIHILSLRHDVNFSVAQAAMEAFGDCIEVKEEIHGFRWVEERDLSGFVDGTENPAGEETRREVAVIKDGVDAGGSYVFVQRWEHNLKQLNRMSVHDQEMVIGRTKEANEEIDGDERPETSHLTRVDLKEDGKGLKIVRQSLPYGTASGTHGLYFCAYCARLHNIEQQLLSMFGDTDGKRDAMLRFTKPVTGGYYFAPSLDKLMAL	RAASKTFADKLATFEAKFPDAHLGAVVAFGNNTWRALSGGVGAEELKDFPGYGKGLAPTTQFDVLIHILSLRHDVNFSVAQAAMEAFGDCIEVKEEIHGFRWVEERDLSGFVDGTENPAGEETRREVAVIKDGVDA	RAASKTFADKLATFEAKFPDAHLGAVVAFGNNTWRALSGGVGAEELKDFPGYGKGLA(PTTQF)[[+353.277]]DVLIHILSLRHDVNFSVAQAAMEAFGDCIEVKEEIHGFRWVEERDLSGF(VDGTENPAGEET)[[+353.277][-366.681]]RREVAVIKDGVDA	13	9.55882	31	166	9	988;989;2908;2910;3047;3048;3306;3349;3359	2	353.277108;-366.681473	;	;	88;142	92;153	0.0	0.0	55	-1.000000	-1.000000
17	1	4.41005058	142	sp|P0AEY8|MDFA_ECOLI	Multidrug transporter MdfA OS=Escherichia coli (strain K12) OX=83333 GN=mdfA PE=1 SV=1	-1.0	1.367423023840233e04	1	MQNKLASGARLGRQALLFPLCLVLYEFSTYIGNDMIQPGMLAVVEQYQAGIDWVPTSMTAYLAGGMFLQWLLGPLSDRIGRRPVMLAGVVWFIVTCLAILLAQNIEQFTLLRFLQGISLCFIGAVGYAAIQESFEEAVCIKITALMANVALIAPLLGPLVGAAWIHVLPWEGMFVLFAALAAISFFGLQRAMPETATRIGEKLSLKELGRDYKLVLKNGRFVAGALALGFVSLPLLAWIAQSPIIIITGEQLSSYEYGLLQVPIFGALIAGNLLLARLTSRRTVRSLIIMGGWPIMIGLLVAAAATVISSHAYLWMTAGLSIYAFGIGLANAGLVRLTLFASDMSKGTVSAAMGMLQMLIFTVGIEISKHAWLNGGNGLFNLFNLVNGILWLSLMVIFLKDKQMGNSHEG	TSMTAYLAGGMFLQWLLGPLSDRIGRRPVMLAGVVWFIVTCLAILLAQNIEQFTLLRFLQGISLCFIGAVGYAAIQESFEEAVCIKITALMANVALIAPLLGPLVGAAWIHVLPWEGMFVLFAALAA	(TSMTAYLAGG)[[Ala->Glu,Carboxymethyl,Gly->Asp,]]MFLQWLLGPLSDRIGRRPVMLAGVVWFIVTCLAILLAQNIEQFTLLRFLQGISLCFIGAVGYAAIQESFEEAVCIKITALMANVALIAPLLGPLVGAAW(IHVLPWEGMFVLFAALAA)[[Ala->Glu,Carboxymethyl,Gly->Asp,][Xle->Gly,]]	13	10.2362	56	182	2	3258;3334	2	58.005056;-56.129382	Ala->Glu,Carboxymethyl,Gly->Asp,;Xle->Gly,	545,6,576,;1129,	56;165	65;182	0.0	0.0	69	-1.000000	-1.000000
18	1	4.41005058	142	sp|P60872|YIDE_ECOLI	Putative transport protein YidE OS=Escherichia coli (strain K12) OX=83333 GN=yidE PE=3 SV=1	-1.0	-1.0	0	MSDIALTVSILALVAVVGLFIGNVKFRGIGLGIGGVLFGGIIVGHFVSQAGMTLSSDMLHVIQEFGLILFVYTIGIQVGPGFFASLRVSGLRLNLFAVLIVIIGGLVTAILHKLFDIPLPVVLGIFSGAVTNTPALGAGQQILRDLGTPMEMVDQMGMSYAMAYPFGICGILFTMWMLRVIFRVNVETEAQQHESSRTNGGALIKTINIRVENPNLHDLAIKDVPILNGDKIICSRLKREETLKVPSPDTIIQLGDLLHLVGQPADLHNAQLVIGQEVDTSLSTKGTDLRVERVVVTNENVLGKRIRDLHFKERYDVVISRLNRAGVELVASGDISLQFGDILNLVGRPSAIDAVANVLGNAQQKLQQVQMLPVFIGIGLGVLLGSIPVFVPGFPAALKLGLAGGPLIMALILGRIGSIGKLYWFMPPSANLALRELGIVLFLSVVGLKSGGDFVNTLVNGEGLSWIGYGALITAVPLITVGILARMLAKMNYLTMCGMLAGSMTDPPALAFANNLHPTSGAAALSYATVYPLVMFLRIITPQLLAVLFWSIG	MSDIALTVSILALVAVVGLFIGNVKFRGIGLGIGGVLFGGIIVGHFVSQAGMTLSSDMLHVIQEFGLILFVYTIGIQVGPGFFASLRVSGLRLNLFAVLIVIIGGLVTAILHKLFDIPLPVVLGIFSGAVTNTPALGAGQQILRDLGTPMEMVDQMGMSYAMAYPFGICGILFTMWMLRVIFRVNVETEAQQHESSRTNGGALIKTINIRVENPNLHDLAIKDVPILNGDKIICSRLKREETLKVPSPDTIIQLGDLLHLVGQPADLHNAQLVIGQEVDTSLSTKGTDLRVERVVVTNENVLGKRIRDLHFKERYDVVISRL	MSDIALTVSILALVAVVGLFIGNVKFRGIGLGIGGVLFGGIIVGHFVSQAGMTLSSDMLHVIQEFGLILFVYTIGIQVGPGFFASLRVSGLRLNLFAVLIVIIGGLVTAILHKLFDIPLPVVLGIFSGAVTNTPALGAGQQILRDLGTPMEMVDQMGMSYAMAYPFGICGILFTMWMLRVIFRVNVETEAQQHESSRTNGGALIKTINIRVENPNLHDLAIKDVPILNGDKIICSRLKREETLKVPSPDTIIQLGDLLHL(VGQPADLHNAQLVIGQEVDTSLSTKGTDLRVERVVVTNENVLGKRIRDLHFKER)[[AEBS,]]YDVVISRL	11	3.41615	-1	322	3	2887;2888;3262	1	183.035543	AEBS,	276,	261	314	0.0	0.0	70	-1.000000	-1.000000
19	1	4.41005058	142	sp|P38055|YDJE_ECOLI	Inner membrane metabolite transport protein YdjE OS=Escherichia coli (strain K12) OX=83333 GN=ydjE PE=1 SV=2	-1.0	1.827090618519175e04	1	MEQYDQIGARLDRLPLARFHYRIFGIISFSLLLTGFLSYSGNVVLAKLVSNGWSNNFLNAAFTSALMFGYFIGSLTGGFIGDYFGRRRAFRINLLIVGIAATGAAFVPDMYWLIFFRFLMGTGMGALIMVGYASFTEFIPATVRGKWSARLSFVGNWSPMLSAAIGVVVIAFFSWRIMFLLGGIGILLAWFLSGKYFIESPRWLAGKGQIAGAECQLREVEQQIEREKSIRLPPLTSYQSNSKVKVIKGTFWLLFKGEMLRRTLVAITVLIAMNISLYTITVWIPTIFVNSGIDVDKSILMTAVIMIGAPVGIFIAALIIDHFPRRLFGSTLLIIIAVLGYIYSIQTTEWAILIYGLVMIFFLYMYVCFASAVYIPELWPTHLRLRGSGFVNAVGRIVAVFTPYGVAALLTHYGSITVFMVLGVMLLLCALVLSIFGIETRKVSLEEISEVN	PPLTSYQSNSKVKVIKGTFWLLFKGEMLRRTLVAITVLIAMNISLYTITVWIPTIFVNSGIDVDKSILMTAVIMIGAPVGIFIAALIIDHFPRRLFGSTLLIIIAVLGYIYSIQTTEWAILIYGLVMIFFLYMYVCFASAVYIPELWPTHLRLRGSGFVNAVG	(PPLTSYQSNSKVKVIKG)[[-342.33]]TFWLLFKGEMLRRTLVAITVLIAMNISLYTITVWIPTIFVNSGIDVDKSILMTAVIMIGAPVGIFIAALIIDHFPRRLFGSTLL(II)[[-342.33][OxProBiotinRed,]]IAVLGYIYSIQTTEWAILIYGLVMIFFLYMYVCFASAVYIPELWPTHLRLRGSGFVNAVG	16	9.81595	233	395	2	3258;3267	2	-342.329791;371.210163	;OxProBiotinRed,	;114,	233;334	249;335	0.0	0.0	73	-1.000000	-1.000000
20	1	4.41005058	142	sp|P38097|DGCE_ECOLI	Probable diguanylate cyclase DgcE OS=Escherichia coli (strain K12) OX=83333 GN=dgcE PE=2 SV=2	-1.0	-1.0	0	MSKQSQHVLIALPHPLLHLVSLGLVSFIFTLFSLELSQFGTQLAPLWFPTSIMMVAFYRHAGRMWPGIALSCSLGNIAASILLFSTSSLNMTWTTINIVEAVVGAVLLRKLLPWYNPLQNLADWLRLALGSAIVPPLLGGVLVVLLTPGDDPLRAFLIWVLSESIGALALVPLGLLFKPHYLLRHRNPRLLFESLLTLAITLTLSWLSMLYLPWPFTFIIVLLMWSAVRLPRMEAFLIFLTTVMMVSLMMAADPSLLATPRTYLMSHMPWLPFLLILLPANIMTMVMYAFRAERKHISESETHFRNAMEYSAIGMALVGTEGQWLQTNKALCQFLGYSQEELRGLTFQQLTWPEDLNKDLQQVEKLISGEINTYSMEKRYYNRNGDVVWALLAVSLVRHTDGTPLYFIAQIEDINELKRTEQVNQQLMERITLANEAGGIGIWEWELKPNIFSWDKRMFELYEIPPHIKPNWQVWYECVLPEDRQHAEKVIRDSLQSRSPFKLEFRITVKDGIRHIRALANRVLNKEGEVERLLGINMDMTEVKQLNEALFQEKERLHITLDSIGEAVVCIDMAMKITFMNPVAEKMSGWTQEEALGVPLLTVLHITFGDNGPLMENIYSADTSRSAIEQDVVLHCRSGGSYDVHYSITPLSTLDGSNIGSVLVIQDVTESRKMLRQLSYSASHDALTHLANRASFEKQLRILLQTVNSTHQRHALVFIDLDRFKAVNDSAGHAAGDALLRELASLMLSMLRSSDVLARLGGDEFGLLLPDCNVESARFIATRIISAVNDYHFIWEGRVHRVGASAGITLIDDNNHQAAEVMSQADIACYASKNGGRGRVTVYEPQQAAAHSERAAMSLDEQWRMIKENQLMMLAHGVASPRIPEARNLWLISLKLWSCEGEIIDEQTFRRSFSDPALSHALDRRVFHEFFQQAAKAVASKGISISLPLSVAGLSSATLVNDLLEQLENSPLPPRLLHLIIPAEAILDHAESVQKLRLAGCRIVLSQVGRDLQIFNSLKANMADYLLLDGELCANVQGNLMDEMLITIIQGHAQRLGMKTIAGPVVLPLVMDTLSGIGVDLIYGEVIADAQPLDLLVNSSYFAIN	RLALGSAIVPPLLGGVLVVLLTPGDDPLRAFLIWVLSESIGALALVPLGLLFKPHYLLRHRNPRLLFESLLTLAITLTLSWLSMLYLPWPFTFIIVLLMWSAVRLPRMEAFLIFLTTVMMVSLMMAADPSLLATPRTYLMSHMPWLPFLLILLPANIMTMVMYAFRAERKHISESETHFRNAMEYSAIGMALVGTEGQWLQTNKALCQFLGYSQEELRGLTFQQLTWPEDLNKDLQQVEKLISGEINTYSMEKRYYNRNGDVVWALLAVSLVRHTDGTPLYFIAQIEDINELKRTEQVNQQLMERITLANEAGGIGIWEWELKPNIFSWDKRMFELYEIPPHIKPNWQVWYECVLPEDRQHAEKVIRDSLQSRSPFKLEFRITVKDGIRHIRALANRVLNKEGEVERLLGINMDMTEVKQLNEALFQEKERLHITLDSIGEAVVCIDMAMKITFMNPVAEKMSGWTQEEALGVPLLTVLHITFGDNGPLMENIYSADTSRSAIEQDVVLHCRSGGSYDVHYSITPLSTLDGSNIGSVLVIQDVTESRKMLRQLSYSASHDALTHLANRASFEKQLRILLQTVNSTHQRHALVFIDLDRFKAVNDSAGHAAGDALLRELASLMLSMLRSSDVLARLGGDEFGLLLPDCNVESARFIATRIISAVNDYHFIWEGRVHRVGASAGITLIDDNNHQAAEVMSQADIACYASKNGGRGRVTVYEPQQAAAHSERAAMSLDEQWRMIKENQLMMLAHGVASPRIPEARNLWLISLKLWSCEGEIIDEQTFRRSFSDPALSHALDRRVFHEFFQQAAKAVASKGISISLPLSVAGLSS	(RLALGSAIVPPLLGGVLVVLLTPGD)[[-55.3685]]DPLRAFLIWVLSESIGALALVPLGLLFKPHYLLRHRNPRLLFESLLTLAITLTLSWLSMLYLPWPFTFIIVLLMWSAVRLPRMEAFLIFLTTVMMVSLMMAADPSLLATPRTYLMSHMPWLPFLLILLPANIMTMVMYAFRAERKHISESETHFRNAMEYSAIGMALVGTEGQWLQTNKALCQFLGYSQEELRGLTFQQLTWPEDLNKDLQQVEKLISGEINTYSMEKRYYNRNGDVVWALLAVSLVRHTDGTPLYFIAQIEDINELKRTEQVNQQLMERITLANEAGGIGIWEWELKPNIFSWDKRMFELYEIPPHIKPNWQVWYECVLPEDRQHAEKVIRDSLQSRSPFKLEFRITVKDGIRHIRALANRVLNKEGEVERLLGINMDMTEVKQLNEALFQEKERLHITLDSIGEAVVCIDMAMKITFMNPVAEKMSGWTQEEALGVPLLTVLHITFGDNGPLMENIYSADTSRSAIEQDVVLHCRSGGSYDVHYSITPLSTLDGSNIGSVLVIQDVTESRKMLRQLSYSASHDALTHLANRASFEKQLRILLQTVNSTHQRHALVFIDLDRFKAVNDSAGHAAGDALLRELASLMLSMLRSSDVLARLGGDEFGLLLPDCNVESARFIATRIISAVNDYHFIWEGRVHRVGASAGITLIDDNNHQAAEVMSQADIACYASKNGGRGRVTVYEPQQAAAHSERAAMSLDEQWRMIKENQLMMLAHGVASPRIPEARNLWLISL(KLWSCEGEIIDEQTFRRSFSDPALSHALDRRVFHEFFQQAAKAVASKGISISLPLSVAGLSS)[[-55.3685][Asp->Phe,Dimethyl:2H(4),]]	16	1.92539	126	956	8	2331;2857;2876;2899;2900;3260;3300;3332	2	32.101843;-55.368456	Asp->Phe,Dimethyl:2H(4),;	1068,199,;	895;126	956;150	0.0	0.0	80	-1.000000	-1.000000
21	1	4.41005058	142	sp|P30871|3PASE_ECOLI	Inorganic triphosphatase OS=Escherichia coli (strain K12) OX=83333 GN=ygiF PE=1 SV=1	-1.0	-1.0	0	MAQEIELKFIVNHSAVEALRDHLNTLGGEHHDPVQLLNIYYETPDNWLRGHDMGLRIRGENGRYEMTMKVAGRVTGGLHQRPEYNVALSEPTLDLAQLPTEVWPNGELPADLASRVQPLFSTDFYREKWLVAVDGSQIEIALDQGEVKAGEFAEPICELELELLSGDTRAVLKLANQLVSQTGLRQGSLSKAARGYHLAQGNPAREIKPTTILHVAAKADVEQGLEAALELALAQWQYHEELWVRGNDAAKEQVLAAISLVRHTLMLFGGIVPRKASTHLRDLLTQCEATIASAVSAVTAVYSTETAMAKLALTEWLVSKAWQPFLDAKAQGKISDSFKRFADIHLSRHAAELKSVFCQPLGDRYRDQLPRLTRDIDSILLLAGYYDPVVAQAWLENWQGLHHAIATGQRIEIEHFRNEANNQEPFWLHSGKR	GYHLAQGNPAREIKPTTILHVAAKADVEQGLEAALELALAQWQYHEELWVRGNDAAKEQVLAAISLVRHTLMLFGGIVPRKAST	(GYHLAQGNPAREIKPTTILHV[Met->Xle,][NA-OA-NO2,]AAKADVEQGLE)[[Met->Xle,][NA-OA-NO2,]]AALELALAQWQYHEELWVRGNDAAKEQVLAAISLVRHTLMLFGGIVPRKAST	18	21.4286	195	278	2	2755;3334	2	327.220384;-17.926941	NA-OA-NO2,;Met->Xle,	686,;614,	215;195	215;226	0.0	0.0	94	-1.000000	-1.000000
22	1	4.41005058	142	sp|P60844|AQPZ_ECOLI	Aquaporin Z OS=Escherichia coli (strain K12) OX=83333 GN=aqpZ PE=1 SV=1	-1.0	6740.333964821757945	1	MFRKLAAECFGTFWLVFGGCGSAVLAAGFPELGIGFAGVALAFGLTVLTMAFAVGHISGGHFNPAVTIGLWAGGRFPAKEVVGYVIAQVVGGIVAAALLYLIASGKTGFDAAASGFASNGYGEHSPGGYSMLSALVVELVLSAGFLLVIHGATDKFAPAGFAPIAIGLALTLIHLISIPVTNTSVNPARSTAVAIFQGGWALEQLWFFWVVPIVGGIIGGLIYRTLLEKRD	MFRKLAAECFGTFWLVFGGCGSAVLAAGFPELGIGFAGVALAFGLTVLTMAFAVGHISGGHFNPA	MFRKLAAECFGT[Formyl,Ser->Asp,Thr->Glu,Lys->Arg,]FWLVFGGCGSAVLAAGFPELGIGFAGV(ALAFGLTVLTMAFAVGHISGGHFNPA)[[Formyl,Ser->Asp,Thr->Glu,Lys->Arg,][CAF,BEMAD_ST,Diethylphosphate,]]	24	36.9231	1	65	18	1952;2111;2304;2381;2570;2701;2747;2847;2848;2951;3133;3219;3223;3255;3293;3294;3374;3388	2	27.996156;136.013746	Formyl,Ser->Asp,Thr->Glu,Lys->Arg,;CAF,BEMAD_ST,Diethylphosphate,	122,1196,1205,599,;272,735,725,	12;40	12;65	0.0	0.0	143	-1.000000	-1.000000
