PrSMIndex	Scan	RetentionTime	NumMass	ProteinAccession	ProteinDescription	PrecursorMass	ProteoformMass	ProteoformMassFromComplementaryFragmentIonPairs	DatabaseSequence	ProteinSequence	Proforma	MatchingFragments	Coverage(%)	StartPosition	EndPosition	TagCount	TagIndices	ModCount	ModMass	ModID	ModAccession	ModStart	ModEnd	PrecursorQscore	PrecursorSNR	Score	PrSMLevelQvalue	ProteoformLevelQvalue
0	3235	4069.017827248019785	34	sp|Q8N4E4|PDCL2_HUMAN	Phosducin-like protein 2 OS=Homo sapiens OX=9606 GN=PDCL2 PE=1 SV=2	9106.356775000000198	9106.356775000000198	0	MQDPNEDTEWNDILRDFGILPPKEESKDEIEEMVLRLQKEAMVKPFEKMTLAQLKEAEDEFDEEDMQAVETYRKKRLQEWKALKKKQKFGELREISGNQYVNEVTNAEEDVWVIIHLYRSSIPMCLLVNQHLSLLARKFPETKFVKAIVNSCIQHYHDNCLPTIFVYKNGQIEAKFIGIIECGGINLKLEELEWKLAEVGAIQTDLEENPRKDMVDMMVSSIRNTSIHDDSDSSNSDNDTK	LKEAEDEFDEEDMQAVETYRKKRLQEWKALKKKQKFGELREISGNQYVNEVTNAEEDVWVIIHLYRSSIPMCLLV	LKEAEDEF(DEEDMQAVETYRKKRLQEWKALKKKQKFGELREISGNQYVNEVTNAEEDVWVIIHLYR)[[+121.845]]SSIPMCLLV	8	10.6667	54	128	3	6818;6828;6830	1	121.844978			62	119	0.0	145.757614135742188	36	0.000000	0.000000
1	3358	4227.283501247999993	46	sp|Q99757|THIOM_HUMAN	Thioredoxin, mitochondrial OS=Homo sapiens OX=9606 GN=TXN2 PE=1 SV=2	1.1874050626e04	1.18730472711622e04	0	MAQRLLLRRFLASVISRKPSQGQWPPLTSRALQTPQCSPGGLTVTPNPARTIYTTRISLTTFNIQDGPDFQDRVVNSETPVVVDFHAQWCGPCKILGPRLEKMVAKQHGKVVMAKVDIDDHTDLAIEYEVSAVPTVLAMKNGDVVDKFVGIKDEDQLEAFLKKLIG	TTFNIQDGPDFQDRVVNSETPVVVDFHAQWCGPCKILGPRLEKMVAKQHGKVVMAKVDIDDHTDLAIEYEVSAVPTVLAMKNGDVVDKFVGIKDEDQLEAFLKKLIG	TTFNIQDGPDFQDRVV(NSETPVVVDFHAQWCGPCKILGPRLEKMVAKQHGKVVMAKVDID)[[Phe->CamCys,Nitrene,Thr->Asn,Asp->Gln,Methylamine,]]DHTDLAIEYEVSAVPTVLAMKNGDVVDKFVGIKDEDQLEAFLKKLIG	13	12.1495	60	166	3	6905;6906;6908	1	12.986452	Phe->CamCys,Nitrene,Thr->Asn,Asp->Gln,Methylamine,	904,2014,660,1073,337,	76	119	0.0	102.022514343261719	82	0.000000	0.000000
2	3365	4236.508381072019802	70	sp|Q99757|THIOM_HUMAN	Thioredoxin, mitochondrial OS=Homo sapiens OX=9606 GN=TXN2 PE=1 SV=2	1.1874050946e04	1.1874050946e04	0	MAQRLLLRRFLASVISRKPSQGQWPPLTSRALQTPQCSPGGLTVTPNPARTIYTTRISLTTFNIQDGPDFQDRVVNSETPVVVDFHAQWCGPCKILGPRLEKMVAKQHGKVVMAKVDIDDHTDLAIEYEVSAVPTVLAMKNGDVVDKFVGIKDEDQLEAFLKKLIG	TTFNIQDGPDFQDRVVNSETPVVVDFHAQWCGPCKILGPRLEKMVAKQHGKVVMAKVDIDDHTDLAIEYEVSAVPTVLAMKNGDVVDKFVGIKDEDQLEAFLKKLIG	TTFNIQDGPDFQDRVVNSET(PVVVDFHAQWCGPCKILGPRLEKMVAK)[[Carbonyl,Pro->pyro-Glu,Thr->Asp,Trp->Oxolactone,Asn->Gln,Asp->Glu,Gly->Ala,Methyl,Ser->Thr,Val->Xle,]]QHGKVVMAKVDIDDHTDLAIEYEVSAVPTVLAMKNGDVVDKFVGIKDEDQLEAFLKKLIG	27	25.2336	60	166	15	6913;6915;6916;6918;6921;6922;6924;6928;6929;6930;6932;6933;6937;6938;6940	1	13.991270	Carbonyl,Pro->pyro-Glu,Thr->Asp,Trp->Oxolactone,Asn->Gln,Asp->Glu,Gly->Ala,Methyl,Ser->Thr,Val->Xle,	1918,359,1204,288,1162,558,571,34,650,671,	80	106	0.0	1470.6961669921875	185	0.000000	0.000000
3	3370	4242.725174512020203	40	sp|Q99757|THIOM_HUMAN	Thioredoxin, mitochondrial OS=Homo sapiens OX=9606 GN=TXN2 PE=1 SV=2	1.1874043773e04	1.187406652764965e04	1	MAQRLLLRRFLASVISRKPSQGQWPPLTSRALQTPQCSPGGLTVTPNPARTIYTTRISLTTFNIQDGPDFQDRVVNSETPVVVDFHAQWCGPCKILGPRLEKMVAKQHGKVVMAKVDIDDHTDLAIEYEVSAVPTVLAMKNGDVVDKFVGIKDEDQLEAFLKKLIG	TTFNIQDGPDFQDRVVNSETPVVVDFHAQWCGPCKILGPRLEKMVAKQHGKVVMAKVDIDDHTDLAIEYEVSAVPTVLAMKNGDVVDKFVGIKDEDQLEAFLKKLIG	TTFNIQDGPDFQDRVVNSETPVVVD(FHAQWCGPCKILGPRLEKMVAKQHGKVVMAKVD)[[Carbonyl,Pro->pyro-Glu,Thr->Asp,Trp->Oxolactone,Asn->Gln,Asp->Glu,Gly->Ala,Methyl,Ser->Thr,Val->Xle,]]IDDHTDLAIEYEVSAVPTVLAMKNGDVVDKFVGIKDEDQLEAFLKKLIG	20	18.6916	60	166	7	6954;6956;6958;6960;6961;6962;6966	1	13.991443	Carbonyl,Pro->pyro-Glu,Thr->Asp,Trp->Oxolactone,Asn->Gln,Asp->Glu,Gly->Ala,Methyl,Ser->Thr,Val->Xle,	1918,359,1204,288,1162,558,571,34,650,671,	85	117	0.0	540.2509765625	144	0.000000	0.000000
4	3371	4244.229617359979784	125	sp|Q99757|THIOM_HUMAN	Thioredoxin, mitochondrial OS=Homo sapiens OX=9606 GN=TXN2 PE=1 SV=2	1.1874043773e04	1.187404082270736e04	1	MAQRLLLRRFLASVISRKPSQGQWPPLTSRALQTPQCSPGGLTVTPNPARTIYTTRISLTTFNIQDGPDFQDRVVNSETPVVVDFHAQWCGPCKILGPRLEKMVAKQHGKVVMAKVDIDDHTDLAIEYEVSAVPTVLAMKNGDVVDKFVGIKDEDQLEAFLKKLIG	TTFNIQDGPDFQDRVVNSETPVVVDFHAQWCGPCKILGPRLEKMVAKQHGKVVMAKVDIDDHTDLAIEYEVSAVPTVLAMKNGDVVDKFVGIKDEDQLEAFLKKLIG	TTFNIQDGPDFQDRVVNSETPVVVD(FHAQWCGPCKILGPRLEKMVAKQHGKVVMAKVDID)[[Carbonyl,Pro->pyro-Glu,Thr->Asp,Trp->Oxolactone,Asn->Gln,Asp->Glu,Gly->Ala,Methyl,Ser->Thr,Val->Xle,]]DHTDLAIEYEVSAVPTVLAMKNGDVVDKFVGIKDEDQLEAFLKKLIG	30	28.0374	60	166	30	7028;7083;7161;7184;7185;7245;7255;7256;7343;7365;7366;7420;7431;7432;7528;7552;7553;7558;7559;7601;7613;7614;7618;7620;7659;7677;7678;7684;7685;7708	1	13.980425	Carbonyl,Pro->pyro-Glu,Thr->Asp,Trp->Oxolactone,Asn->Gln,Asp->Glu,Gly->Ala,Methyl,Ser->Thr,Val->Xle,	1918,359,1204,288,1162,558,571,34,650,671,	85	119	0.0	587.64569091796875	214	0.000000	0.000000
5	3373	4246.57740124799966	124	sp|Q99757|THIOM_HUMAN	Thioredoxin, mitochondrial OS=Homo sapiens OX=9606 GN=TXN2 PE=1 SV=2	1.1874051253e04	1.1874051253e04	0	MAQRLLLRRFLASVISRKPSQGQWPPLTSRALQTPQCSPGGLTVTPNPARTIYTTRISLTTFNIQDGPDFQDRVVNSETPVVVDFHAQWCGPCKILGPRLEKMVAKQHGKVVMAKVDIDDHTDLAIEYEVSAVPTVLAMKNGDVVDKFVGIKDEDQLEAFLKKLIG	TTFNIQDGPDFQDRVVNSETPVVVDFHAQWCGPCKILGPRLEKMVAKQHGKVVMAKVDIDDHTDLAIEYEVSAVPTVLAMKNGDVVDKFVGIKDEDQLEAFLKKLIG	TTFNIQDGPDFQDRVVNSETPVVVD(FHAQWCGPCKILGPRLEKMVAKQHGKVVMAKVD)[[Carbonyl,Pro->pyro-Glu,Thr->Asp,Trp->Oxolactone,Asn->Gln,Asp->Glu,Gly->Ala,Methyl,Ser->Thr,Val->Xle,]]IDDHTDLAIEYEVSAVPTVLAMKNGDVVDKFVGIKDEDQLEAFLKKLIG	36	33.6449	60	166	9	7738;7740;7754;7769;7770;7778;7790;7792;7801	1	13.980520	Carbonyl,Pro->pyro-Glu,Thr->Asp,Trp->Oxolactone,Asn->Gln,Asp->Glu,Gly->Ala,Methyl,Ser->Thr,Val->Xle,	1918,359,1204,288,1162,558,571,34,650,671,	85	117	0.0	334.057525634765625	256	0.000000	0.000000
6	3374	4248.078134095980204	62	sp|Q99757|THIOM_HUMAN	Thioredoxin, mitochondrial OS=Homo sapiens OX=9606 GN=TXN2 PE=1 SV=2	1.1972023091e04	1.187404735884664e04	1	MAQRLLLRRFLASVISRKPSQGQWPPLTSRALQTPQCSPGGLTVTPNPARTIYTTRISLTTFNIQDGPDFQDRVVNSETPVVVDFHAQWCGPCKILGPRLEKMVAKQHGKVVMAKVDIDDHTDLAIEYEVSAVPTVLAMKNGDVVDKFVGIKDEDQLEAFLKKLIG	TTFNIQDGPDFQDRVVNSETPVVVDFHAQWCGPCKILGPRLEKMVAKQHGKVVMAKVDIDDHTDLAIEYEVSAVPTVLAMKNGDVVDKFVGIKDEDQLEAFLKKLIG	TTFNIQDGPDFQDRVVNSETPVVVD(FHAQWCGPCKILGPRLEKMVAK)[[Carbonyl,Pro->pyro-Glu,Thr->Asp,Trp->Oxolactone,Asn->Gln,Asp->Glu,Gly->Ala,Methyl,Ser->Thr,Val->Xle,]]QHGKVVMAKVDIDDHTDLAIEYEVSAVPTVLAMKNGDVVDKFVGIKDEDQLEAFLKKLIG	32	29.9065	60	166	45	7809;7810;7811;7814;7815;7819;7820;7821;7823;7824;7827;7828;7830;7834;7836;7837;7839;7840;7843;7844;7846;7848;7853;7855;7856;7858;7860;7861;7863;7865;7866;7868;7870;7872;7876;7878;7879;7881;7883;7884;7885;7888;7891;7892;7894	1	13.984016	Carbonyl,Pro->pyro-Glu,Thr->Asp,Trp->Oxolactone,Asn->Gln,Asp->Glu,Gly->Ala,Methyl,Ser->Thr,Val->Xle,	1918,359,1204,288,1162,558,571,34,650,671,	85	106	0.0	230.055328369140625	225	0.000000	0.000000
7	3376	4250.425366447980196	133	sp|Q99757|THIOM_HUMAN	Thioredoxin, mitochondrial OS=Homo sapiens OX=9606 GN=TXN2 PE=1 SV=2	8213.429056999999375	1.18740632505686e04	1	MAQRLLLRRFLASVISRKPSQGQWPPLTSRALQTPQCSPGGLTVTPNPARTIYTTRISLTTFNIQDGPDFQDRVVNSETPVVVDFHAQWCGPCKILGPRLEKMVAKQHGKVVMAKVDIDDHTDLAIEYEVSAVPTVLAMKNGDVVDKFVGIKDEDQLEAFLKKLIG	TTFNIQDGPDFQDRVVNSETPVVVDFHAQWCGPCKILGPRLEKMVAKQHGKVVMAKVDIDDHTDLAIEYEVSAVPTVLAMKNGDVVDKFVGIKDEDQLEAFLKKLIG	TTFNIQDGPDFQDRVVNSET(PVVVDFHAQWCGPCKILGPRLEKMVAKQHGKVVMAKVDID)[[Carbonyl,Pro->pyro-Glu,Thr->Asp,Trp->Oxolactone,Asn->Gln,Asp->Glu,Gly->Ala,Methyl,Ser->Thr,Val->Xle,Asn->Lys,]]DHTDLAIEYEVSAVPTVLAMKNGDVVDKFVGIKDEDQLEAFLKKLIG	27	25.2336	60	166	13	7926;7936;7953;7964;7987;7996;7997;8010;8011;8035;8047;8048;8050	1	14.004220	Carbonyl,Pro->pyro-Glu,Thr->Asp,Trp->Oxolactone,Asn->Gln,Asp->Glu,Gly->Ala,Methyl,Ser->Thr,Val->Xle,Asn->Lys,	1918,359,1204,288,1162,558,571,34,650,671,618,	80	119	0.0	0.565187990665436	184	0.000000	0.000000
8	3379	4254.279265840020344	70	sp|Q99757|THIOM_HUMAN	Thioredoxin, mitochondrial OS=Homo sapiens OX=9606 GN=TXN2 PE=1 SV=2	5209.76083699999981	5209.76083699999981	0	MAQRLLLRRFLASVISRKPSQGQWPPLTSRALQTPQCSPGGLTVTPNPARTIYTTRISLTTFNIQDGPDFQDRVVNSETPVVVDFHAQWCGPCKILGPRLEKMVAKQHGKVVMAKVDIDDHTDLAIEYEVSAVPTVLAMKNGDVVDKFVGIKDEDQLEAFLKKLIG	TTFNIQDGPDFQDRVVNSETPVVVDFHAQWCGPCKILGPRLEKMVAK	TTFNIQDGPDFQDRVVNSET(PVVVDFHAQWCGPCKILGPRL)[[-74.8263]]EKMVAK	10	21.2766	60	106	3	8077;8092;8100	1	-74.826339			80	100	0.0	0.331310003995895	39	0.000000	0.000000
9	3385	4261.995304320000287	75	sp|Q99757|THIOM_HUMAN	Thioredoxin, mitochondrial OS=Homo sapiens OX=9606 GN=TXN2 PE=1 SV=2	1.1874048619e04	1.187406895757595e04	1	MAQRLLLRRFLASVISRKPSQGQWPPLTSRALQTPQCSPGGLTVTPNPARTIYTTRISLTTFNIQDGPDFQDRVVNSETPVVVDFHAQWCGPCKILGPRLEKMVAKQHGKVVMAKVDIDDHTDLAIEYEVSAVPTVLAMKNGDVVDKFVGIKDEDQLEAFLKKLIG	TTFNIQDGPDFQDRVVNSETPVVVDFHAQWCGPCKILGPRLEKMVAKQHGKVVMAKVDIDDHTDLAIEYEVSAVPTVLAMKNGDVVDKFVGIKDEDQLEAFLKKLIG	TTFNIQDGPDFQDRVVNSET(PVVVDFHAQWCGPCKILGPRLEKMVAKQHGKVVMAKVDID)[[Carbonyl,Pro->pyro-Glu,Thr->Asp,Trp->Oxolactone,Asn->Gln,Asp->Glu,Gly->Ala,Methyl,Ser->Thr,Val->Xle,]]DHTDLAIEYEVSAVPTVLAMKNGDVVDKFVGIKDEDQLEAFLKKLIG	18	16.8224	60	166	16	8127;8143;8176;8186;8202;8248;8268;8271;8287;8297;8306;8344;8368;8369;8372;8391	1	13.983173	Carbonyl,Pro->pyro-Glu,Thr->Asp,Trp->Oxolactone,Asn->Gln,Asp->Glu,Gly->Ala,Methyl,Ser->Thr,Val->Xle,	1918,359,1204,288,1162,558,571,34,650,671,	80	119	0.0	66.536796569824219	119	0.000000	0.000000
